SUID,BRENDA ID,CAZY Name,Class,Description,EC,Family,Gene Name,Genus,GO Term,HMP Body Site,HMP Oxygen,InterPro (Domain),InterPro (Family),InterPro (Homologous Superfamily),InterPro (Other),KEGG ID,Kingdom,name,NCBI IDs,Order,Organism,P01 gDNA,PATRIC ID,PDB,PFAM,Phylum,selected,Sequence Length,Sequence Source,shared name,Species,STRING ID,Superkingdom,Swissprot Description,Taxonomy ID,UniProt Annotation Status
1433368,,,Gammaproteobacteria,Family 4 glycosyl hydrolase,3.2.1.86 {ECO:0000313|EMBL:EEW40773.1},Enterobacteriaceae,HMPREF0484_3204,Klebsiella,0008706 6-phospho-beta-glucosidase activity|0103047 methyl beta-D-glucoside 6-phosphate glucohydrolase activity|0016616 oxidoreductase activity  acting on the CH-OH group of donors  NAD or NADP as acceptor,Airways,,IPR022616,IPR001088,IPR015955|IPR036291,IPR019802,,,C8T6G2,GI:259039645|EMBL-CDS:EEW40773.1,Enterobacterales,Klebsiella pneumoniae subsp. rhinoscleromatis ATCC 13884.,FALSE,,,PF02056|PF11975,Proteobacteria,FALSE,465,BLASTHIT,C8T6G2,Klebsiella pneumoniae subsp. rhinoscleromatis ATCC,,Bacteria,,667127,TrEMBL
1435233,,,Gammaproteobacteria,Family 4 glycosyl hydrolase,3.2.1.86 {ECO:0000313|EMBL:EEW40808.1},Enterobacteriaceae,HMPREF0484_3126,Klebsiella,0008706 6-phospho-beta-glucosidase activity|0103047 methyl beta-D-glucoside 6-phosphate glucohydrolase activity|0016616 oxidoreductase activity  acting on the CH-OH group of donors  NAD or NADP as acceptor,Airways,,IPR022616,IPR001088,IPR015955|IPR036291,IPR019802,,,C8T684,GI:490241996|GI:259039681|EMBL-CDS:EEW40808.1|REFSEQ:WP_004140237.1,Enterobacterales,Klebsiella pneumoniae subsp. rhinoscleromatis ATCC 13884.,FALSE,,,PF02056|PF11975,Proteobacteria,FALSE,437,BLASTHIT,C8T684,Klebsiella pneumoniae subsp. rhinoscleromatis ATCC,,Bacteria,,667127,TrEMBL
1435297,,,Gammaproteobacteria,Family 4 glycosyl hydrolase,3.2.1.86 {ECO:0000313|EMBL:EEW38616.1},Enterobacteriaceae,HMPREF0484_5359,Klebsiella,0008706 6-phospho-beta-glucosidase activity|0103047 methyl beta-D-glucoside 6-phosphate glucohydrolase activity|0016616 oxidoreductase activity  acting on the CH-OH group of donors  NAD or NADP as acceptor,Airways,,IPR022616,IPR001088,IPR015955|IPR036291,IPR019802,,,C8TCL5,GI:259037370|EMBL-CDS:EEW38616.1,Enterobacterales,Klebsiella pneumoniae subsp. rhinoscleromatis ATCC 13884.,FALSE,,,PF02056|PF11975,Proteobacteria,FALSE,444,BLASTHIT,C8TCL5,Klebsiella pneumoniae subsp. rhinoscleromatis ATCC,,Bacteria,,667127,TrEMBL
1438016,,,Gammaproteobacteria,6-phospho-alpha-glucosidase,3.2.1.122 {ECO:0000313|EMBL:EEW43226.1},Enterobacteriaceae,HMPREF0484_0704,Klebsiella,0050081 maltose-6'-phosphate glucosidase activity|0016616 oxidoreductase activity  acting on the CH-OH group of donors  NAD or NADP as acceptor,Airways,,IPR022616,IPR001088,IPR015955|IPR036291,IPR019802,,,C8SZB4,GI:259042198|GI:490246907|EMBL-CDS:EEW43226.1|REFSEQ:WP_004145068.1,Enterobacterales,Klebsiella pneumoniae subsp. rhinoscleromatis ATCC 13884.,FALSE,,,PF02056|PF11975,Proteobacteria,FALSE,440,BLASTHIT,C8SZB4,Klebsiella pneumoniae subsp. rhinoscleromatis ATCC,,Bacteria,,667127,TrEMBL
1438841,,,Gammaproteobacteria,Maltose-6'-phosphate glucosidase,3.2.1.122 {ECO:0000313|EMBL:EEW39549.1},Enterobacteriaceae,HMPREF0484_4370,Klebsiella,0050081 maltose-6'-phosphate glucosidase activity|0016616 oxidoreductase activity  acting on the CH-OH group of donors  NAD or NADP as acceptor,Airways,,IPR022616,IPR001088,IPR015955|IPR036291,IPR019802,,,C8T9S7,GI:490245246|GI:259038344|EMBL-CDS:EEW39549.1|REFSEQ:WP_004143438.1,Enterobacterales,Klebsiella pneumoniae subsp. rhinoscleromatis ATCC 13884.,FALSE,,,PF02056|PF11975,Proteobacteria,FALSE,442,BLASTHIT,C8T9S7,Klebsiella pneumoniae subsp. rhinoscleromatis ATCC,,Bacteria,,667127,TrEMBL
1440908,,,Gammaproteobacteria,Family 4 glycosyl hydrolase,,Enterobacteriaceae,HMPREF0484_5668,Klebsiella,0004553 hydrolase activity  hydrolyzing O-glycosyl compounds|0016616 oxidoreductase activity  acting on the CH-OH group of donors  NAD or NADP as acceptor,Airways,,IPR022616,IPR001088,IPR015955|IPR036291,,,,C8TDH4,GI:259037055|GI:491011390|EMBL-CDS:EEW38307.1|REFSEQ:WP_004873099.1,Enterobacterales,Klebsiella pneumoniae subsp. rhinoscleromatis ATCC 13884.,FALSE,,,PF02056|PF11975,Proteobacteria,FALSE,459,BLASTHIT,C8TDH4,Klebsiella pneumoniae subsp. rhinoscleromatis ATCC,,Bacteria,,667127,TrEMBL
1434943,,,Gammaproteobacteria,Family 4 glycosyl hydrolase,3.2.1.86 {ECO:0000313|EMBL:EFE97395.1},Yersiniaceae,HMPREF0758_1008,Serratia,0008706 6-phospho-beta-glucosidase activity|0103047 methyl beta-D-glucoside 6-phosphate glucohydrolase activity|0016616 oxidoreductase activity  acting on the CH-OH group of donors  NAD or NADP as acceptor,Airways|Skin,Facultative,IPR022616,IPR001088,IPR015955|IPR036291,IPR019802,,,D4DYK8,GI:491094700|GI:291424179|EMBL-CDS:EFE97395.1|REFSEQ:WP_004956306.1,Enterobacterales,Serratia odorifera DSM 4582.,FALSE,,,PF02056|PF11975,Proteobacteria,FALSE,436,BLASTHIT,D4DYK8,Serratia odorifera DSM 4582,667129.HMPREF0758_1008,Bacteria,,667129,TrEMBL
1438845,,,Gammaproteobacteria,Family 4 glycosyl hydrolase,3.2.1.- {ECO:0000313|EMBL:EFE94064.1},Yersiniaceae,HMPREF0758_4159,Serratia,0004553 hydrolase activity  hydrolyzing O-glycosyl compounds|0016616 oxidoreductase activity  acting on the CH-OH group of donors  NAD or NADP as acceptor,Airways|Skin,Facultative,IPR022616,IPR001088,IPR015955|IPR036291,,,,D4E7K9,GI:491102597|GI:291420811|EMBL-CDS:EFE94064.1|REFSEQ:WP_004964197.1,Enterobacterales,Serratia odorifera DSM 4582.,FALSE,,,PF02056|PF11975,Proteobacteria,FALSE,461,BLASTHIT,D4E7K9,Serratia odorifera DSM 4582,667129.HMPREF0758_4159,Bacteria,,667129,TrEMBL
1433978,,,Gammaproteobacteria,6-phospho-beta-glucosidase,3.2.1.86 {ECO:0000313|EMBL:AAN80592.1},Enterobacteriaceae,c2133,Escherichia,0008706 6-phospho-beta-glucosidase activity|0103047 methyl beta-D-glucoside 6-phosphate glucohydrolase activity|0016616 oxidoreductase activity  acting on the CH-OH group of donors  NAD or NADP as acceptor,Blood,Facultative,IPR022616,IPR001088,IPR015955|IPR036291,IPR019802,ecc:c2133,,A0A0H2V7R2,GI:26108390|EMBL-CDS:AAN80592.1,Enterobacterales,Escherichia coli O6:H1  (strain CFT073 / ATCC 700928 / UPEC),TRUE,,,PF02056|PF11975,Proteobacteria,FALSE,468,BLASTHIT,A0A0H2V7R2,Escherichia coli CFT073,199310.c2133,Bacteria,,199310,TrEMBL
1435296,,,Gammaproteobacteria,6-phospho-beta-glucosidase,3.2.1.86 {ECO:0000313|EMBL:CAQ83877.1},Morganellaceae,PAU_01785,Photorhabdus,0008706 6-phospho-beta-glucosidase activity|0103047 methyl beta-D-glucoside 6-phosphate glucohydrolase activity|0016616 oxidoreductase activity  acting on the CH-OH group of donors  NAD or NADP as acceptor,Blood,Facultative,IPR022616,IPR001088,IPR015955|IPR036291,IPR019802,pay:PAU_01785,,C7BTM2,GI:506314150|GI:253780715|EMBL-CDS:CAQ83877.1,Enterobacterales,Photorhabdus asymbiotica subsp. asymbiotica  (strain ATCC 43949 /3105-77),FALSE,,,PF02056|PF11975,Proteobacteria,FALSE,435,BLASTHIT,C7BTM2,Photorhabdus asymbiotica subsp. asymbiotica ATCC 4,553480.PAU_01785,Bacteria,,553480,TrEMBL
1435468,,,Gammaproteobacteria,Probable 6-phospho-beta-glucosidase,3.2.1.86 {ECO:0000313|EMBL:CBA30320.1},Enterobacteriaceae,Ctu_18570,Cronobacter,0008706 6-phospho-beta-glucosidase activity|0103047 methyl beta-D-glucoside 6-phosphate glucohydrolase activity|0016616 oxidoreductase activity  acting on the CH-OH group of donors  NAD or NADP as acceptor,Blood,Facultative,IPR022616,IPR001088,IPR015955|IPR036291,IPR019802,ctu:CTU_18570,,C9Y2Q6,GI:260216826|EMBL-CDS:CBA30320.1,Enterobacterales,Cronobacter turicensis  (strain DSM 18703 / LMG 23827 / z3032),FALSE,fig|693216.3.peg.1764,,PF02056|PF11975,Proteobacteria,FALSE,428,BLASTHIT,C9Y2Q6,Cronobacter turicensis z3032,,Bacteria,,693216,TrEMBL
1437267,,,Gammaproteobacteria,6-phospho-alpha-glucosidase,3.2.1.86 {ECO:0000313|EMBL:CBA32843.1},Enterobacteriaceae,Ctu_31170,Cronobacter,0008706 6-phospho-beta-glucosidase activity|0050081 maltose-6'-phosphate glucosidase activity|0103047 methyl beta-D-glucoside 6-phosphate glucohydrolase activity|0016616 oxidoreductase activity  acting on the CH-OH group of donors  NAD or NADP as acceptor,Blood,Facultative,IPR022616,IPR001088,IPR015955|IPR036291,IPR019802,ctu:CTU_31170,,C9XY35,GI:506222332|GI:260218086|EMBL-CDS:CBA32843.1|REFSEQ:WP_015742107.1,Enterobacterales,Cronobacter turicensis  (strain DSM 18703 / LMG 23827 / z3032),FALSE,fig|693216.3.peg.2947,,PF02056|PF11975,Proteobacteria,FALSE,454,BLASTHIT,C9XY35,Cronobacter turicensis z3032,,Bacteria,,693216,TrEMBL
1438204,,,Gammaproteobacteria,6-phospho-alpha-glucosidase,3.2.1.122 {ECO:0000313|EMBL:CBA26705.1},Enterobacteriaceae,Ctu_00570,Cronobacter,0050081 maltose-6'-phosphate glucosidase activity|0016616 oxidoreductase activity  acting on the CH-OH group of donors  NAD or NADP as acceptor,Blood,Facultative,IPR022616,IPR001088,IPR015955|IPR036291,IPR019802,ctu:CTU_00570,,C9Y404,GI:260215026|EMBL-CDS:CBA26705.1,Enterobacterales,Cronobacter turicensis  (strain DSM 18703 / LMG 23827 / z3032),FALSE,fig|693216.3.peg.56,,PF02056|PF11975,Proteobacteria,FALSE,459,BLASTHIT,C9Y404,Cronobacter turicensis z3032,,Bacteria,,693216,TrEMBL
1439449,,GH4,Tissierellia,Glycoside hydrolase family 4,,Peptoniphilaceae,Apre_0454,Anaerococcus,0004553 hydrolase activity  hydrolyzing O-glycosyl compounds|0016616 oxidoreductase activity  acting on the CH-OH group of donors  NAD or NADP as acceptor,Blood,Anaerobe,IPR022616,IPR001088,IPR015955|IPR036291,IPR019802,apr:Apre_0454,,C7RG90,GI:506257638|GI:256797846|EMBL-CDS:ACV28501.1|REFSEQ:WP_015777413.1,Tissierellales,Anaerococcus prevotii  (strain ATCC 9321 / DSM 20548 / JCM 6508 / PC1),TRUE,,,PF02056|PF11975,Firmicutes,FALSE,442,BLASTHIT,C7RG90,Anaerococcus prevotii DSM 20548,525919.Apre_0454,Bacteria,,525919,TrEMBL
1432373,,,Clostridia,Family 4 glycosyl hydrolase,,Clostridiaceae,CLOSPO_00228,Clostridium,0004553 hydrolase activity  hydrolyzing O-glycosyl compounds|0016616 oxidoreductase activity  acting on the CH-OH group of donors  NAD or NADP as acceptor,Gastrointestinal tract,Anaerobe,IPR022616,IPR001088,IPR015955|IPR036291,IPR019802,,,J7SXN9,GI:489578685|GI:187775372|EMBL-CDS:EDU39174.1|REFSEQ:WP_003483131.1,Clostridiales,Clostridium sporogenes  (strain ATCC 15579),TRUE,,,PF02056|PF11975,Firmicutes,FALSE,445,BLASTHIT,J7SXN9,Clostridium sporogenes ATCC 15579,,Bacteria,,471871,TrEMBL
1432578,,,Clostridia,6-phospho-beta-glucosidase,,Clostridiaceae,HMPREF0216_00453,Clostridium,0004553 hydrolase activity  hydrolyzing O-glycosyl compounds|0016616 oxidoreductase activity  acting on the CH-OH group of donors  NAD or NADP as acceptor,Gastrointestinal tract,Anaerobe,IPR022616,IPR001088,IPR015955|IPR036291,,,,L1QM73,GI:429188205|EMBL-CDS:EKY29094.1,Clostridiales,Clostridium celatum DSM 1785.,TRUE,fig|545697.3.peg.446,,PF02056|PF11975,Firmicutes,FALSE,440,BLASTHIT,L1QM73,Clostridium celatum DSM 1785,,Bacteria,,545697,TrEMBL
1432646,,,Bacilli,6-phospho-beta-glucosidase,,Listeriaceae,HMPREF0557_01197,Listeria,0004553 hydrolase activity  hydrolyzing O-glycosyl compounds|0016616 oxidoreductase activity  acting on the CH-OH group of donors  NAD or NADP as acceptor,Gastrointestinal tract,Facultative,IPR022616,IPR001088,IPR015955|IPR036291,IPR019802,,,H1GB18,GI:489822898|GI:370793869|EMBL-CDS:EHN61681.1|REFSEQ:WP_003726689.1,Bacillales,Listeria innocua ATCC 33091.,FALSE,fig|1002366.3.peg.1124,,PF02056|PF11975,Firmicutes,FALSE,438,BLASTHIT,H1GB18,Listeria innocua ATCC 33091,,Bacteria,,1002366,TrEMBL
1432669,,,Bacilli,Putative 6-phospho-beta-glucosidase,3.2.1.86 {ECO:0000313|EMBL:EFI82844.1},Listeriaceae,HMPREF0556_11529,Listeria,0008706 6-phospho-beta-glucosidase activity|0103047 methyl beta-D-glucoside 6-phosphate glucohydrolase activity|0016616 oxidoreductase activity  acting on the CH-OH group of donors  NAD or NADP as acceptor,Gastrointestinal tract,Aerobe,IPR022616,IPR001088,IPR015955|IPR036291,IPR019802,,,D7UZJ9,GI:299815606|GI:489850633|EMBL-CDS:EFI82844.1|REFSEQ:WP_003754313.1,Bacillales,Listeria grayi DSM 20601.,FALSE,,,PF02056|PF11975,Firmicutes,FALSE,439,BLASTHIT,D7UZJ9,Listeria grayi DSM 20601,525367.HMPREF0556_11529,Bacteria,,525367,TrEMBL
1432748,,,Erysipelotrichia,Putative 6-phospho-beta-glucosidase,3.2.1.86 {ECO:0000313|EMBL:EDS18313.1},Erysipelotrichaceae,CLORAM_01859,Erysipelatoclostridium,0008706 6-phospho-beta-glucosidase activity|0103047 methyl beta-D-glucoside 6-phosphate glucohydrolase activity|0016616 oxidoreductase activity  acting on the CH-OH group of donors  NAD or NADP as acceptor,Gastrointestinal tract,Anaerobe,IPR022616,IPR001088,IPR015955|IPR036291,,,,B0N5E5,GI:489633076|GI:167703734|EMBL-CDS:EDS18313.1|REFSEQ:WP_003537516.1,Erysipelotrichales,Erysipelatoclostridium ramosum DSM 1402.,TRUE,,,PF02056|PF11975,Firmicutes,FALSE,438,BLASTHIT,B0N5E5,Erysipelatoclostridium ramosum DSM 1402,445974.CLORAM_01859,Bacteria,,445974,TrEMBL
1432821,,,Bacilli,Family 4 glycosyl hydrolase,3.2.1.86 {ECO:0000313|EMBL:EFI82849.1},Listeriaceae,HMPREF0556_11534,Listeria,0008706 6-phospho-beta-glucosidase activity|0103047 methyl beta-D-glucoside 6-phosphate glucohydrolase activity|0016616 oxidoreductase activity  acting on the CH-OH group of donors  NAD or NADP as acceptor,Gastrointestinal tract,Aerobe,IPR022616,IPR001088,IPR015955|IPR036291,IPR019802,,,D7UZK4,GI:299815611|GI:489850641|EMBL-CDS:EFI82849.1|REFSEQ:WP_003754321.1,Bacillales,Listeria grayi DSM 20601.,FALSE,,,PF02056|PF11975,Firmicutes,FALSE,446,BLASTHIT,D7UZK4,Listeria grayi DSM 20601,525367.HMPREF0556_11534,Bacteria,,525367,TrEMBL
1432833,,,Bacilli,Putative 6-phospho-beta-glucosidase,,Listeriaceae,HMPREF0557_01211,Listeria,0004553 hydrolase activity  hydrolyzing O-glycosyl compounds|0016616 oxidoreductase activity  acting on the CH-OH group of donors  NAD or NADP as acceptor,Gastrointestinal tract,Facultative,IPR022616,IPR001088,IPR015955|IPR036291,IPR019802,,,H1GB32,GI:370793883|EMBL-CDS:EHN61695.1,Bacillales,Listeria innocua ATCC 33091.,FALSE,fig|1002366.3.peg.1138,,PF02056|PF11975,Firmicutes,FALSE,458,BLASTHIT,H1GB32,Listeria innocua ATCC 33091,,Bacteria,,1002366,TrEMBL
1432883,,GH4,Coriobacteriia,Family 4 glycosyl hydrolase,,Coriobacteriaceae,COLINT_02031,Collinsella,0004553 hydrolase activity  hydrolyzing O-glycosyl compounds|0016616 oxidoreductase activity  acting on the CH-OH group of donors  NAD or NADP as acceptor,Gastrointestinal tract,Anaerobe,IPR022616,IPR001088,IPR015955|IPR036291,,,,C4F7L6,GI:229809475|EMBL-CDS:EEP45239.1,Coriobacteriales,Collinsella intestinalis DSM 13280.,FALSE,,,PF02056|PF11975,Actinobacteria,FALSE,464,BLASTHIT,C4F7L6,Collinsella intestinalis DSM 13280,521003.COLINT_02031,Bacteria,,521003,TrEMBL
1432904,,,Erysipelotrichia,Putative 6-phospho-beta-glucosidase,3.2.1.86 {ECO:0000313|EMBL:EEF66973.1},Erysipelotrichaceae,HOLDEFILI_02864,Holdemania,0008706 6-phospho-beta-glucosidase activity|0103047 methyl beta-D-glucoside 6-phosphate glucohydrolase activity|0016616 oxidoreductase activity  acting on the CH-OH group of donors  NAD or NADP as acceptor,Gastrointestinal tract,Anaerobe,IPR022616,IPR001088,IPR015955|IPR036291,,,,B9YAK7,GI:492951944|GI:223962518|EMBL-CDS:EEF66973.1|REFSEQ:WP_006060029.1,Erysipelotrichales,Holdemania filiformis DSM 12042.,FALSE,,,PF02056|PF11975,Firmicutes,FALSE,442,BLASTHIT,B9YAK7,Holdemania filiformis DSM 12042,545696.HOLDEFILI_02864,Bacteria,,545696,TrEMBL
1432974,,,Erysipelotrichia,Family 4 glycosyl hydrolase,,Erysipelotrichaceae,CLORAM_01707,Erysipelatoclostridium,0004553 hydrolase activity  hydrolyzing O-glycosyl compounds|0016616 oxidoreductase activity  acting on the CH-OH group of donors  NAD or NADP as acceptor,Gastrointestinal tract,Anaerobe,IPR022616,IPR001088,IPR015955|IPR036291,IPR019802,,,B0N4Z6,GI:489632820|GI:167704169|EMBL-CDS:EDS18748.1|REFSEQ:WP_003537260.1,Erysipelotrichales,Erysipelatoclostridium ramosum DSM 1402.,TRUE,,,PF02056|PF11975,Firmicutes,FALSE,472,BLASTHIT,B0N4Z6,Erysipelatoclostridium ramosum DSM 1402,445974.CLORAM_01707,Bacteria,,445974,TrEMBL
1433139,,,Gammaproteobacteria,Family 4 glycosyl hydrolase,,Enterobacteriaceae,ENTCAN_05765,Enterobacter,0004553 hydrolase activity  hydrolyzing O-glycosyl compounds|0016616 oxidoreductase activity  acting on the CH-OH group of donors  NAD or NADP as acceptor,Gastrointestinal tract,Facultative,IPR022616,IPR001088,IPR015955|IPR036291,IPR019802,,,D2ZBC4,GI:288318313|EMBL-CDS:EFC57251.1,Enterobacterales,Enterobacter cancerogenus ATCC 35316.,FALSE,,,PF02056|PF11975,Proteobacteria,FALSE,455,BLASTHIT,D2ZBC4,Enterobacter cancerogenus ATCC 35316,500639.ENTCAN_05765,Bacteria,,500639,TrEMBL
1433300,,,Gammaproteobacteria,6-phospho-beta-glucosidase,,Enterobacteriaceae,HMPREF0201_01471,Cedecea,0004553 hydrolase activity  hydrolyzing O-glycosyl compounds|0016616 oxidoreductase activity  acting on the CH-OH group of donors  NAD or NADP as acceptor,Gastrointestinal tract,,IPR022616,IPR001088,IPR015955|IPR036291,IPR019802,,,S3JD19,GI:514233135|GI:513470280|EMBL-CDS:EPF18062.1|REFSEQ:WP_016535784.1,Enterobacterales,Cedecea davisae DSM 4568.,FALSE,fig|566551.4.peg.1357,,PF02056|PF11975,Proteobacteria,FALSE,447,BLASTHIT,S3JD19,Cedecea davisae DSM 4568,,Bacteria,,566551,TrEMBL
1433367,,,Gammaproteobacteria,Family 4 glycosyl hydrolase,,Morganellaceae,PROPEN_01370,Proteus,0004553 hydrolase activity  hydrolyzing O-glycosyl compounds|0016616 oxidoreductase activity  acting on the CH-OH group of donors  NAD or NADP as acceptor,Gastrointestinal tract,Facultative,IPR022616,IPR001088,IPR015955|IPR036291,IPR019802,,,C0AU78,GI:225204025|EMBL-CDS:EEG86379.1,Enterobacterales,Proteus penneri ATCC 35198.,FALSE,,,PF02056|PF11975,Proteobacteria,FALSE,451,BLASTHIT,C0AU78,Proteus penneri ATCC 35198,471881.PROPEN_01370,Bacteria,,471881,TrEMBL
1433415,,,Gammaproteobacteria,Family 4 glycosyl hydrolase,,Morganellaceae,PROVRETT_06703,Providencia,0004553 hydrolase activity  hydrolyzing O-glycosyl compounds|0016616 oxidoreductase activity  acting on the CH-OH group of donors  NAD or NADP as acceptor,Gastrointestinal tract,Facultative,IPR022616,IPR001088,IPR015955|IPR036291,IPR019802,,,D4BWL4,GI:490377789|GI:291314092|EMBL-CDS:EFE54545.1|REFSEQ:WP_004257387.1,Enterobacterales,Providencia rettgeri DSM 1131.,FALSE,,,PF02056|PF11975,Proteobacteria,FALSE,452,BLASTHIT,D4BWL4,Providencia rettgeri DSM 1131,521000.PROVRETT_06703,Bacteria,,521000,TrEMBL
1433474,,,Gammaproteobacteria,6-phospho-beta-glucosidase,,Enterobacteriaceae,HMPREF0880_03156,Yokenella,0004553 hydrolase activity  hydrolyzing O-glycosyl compounds|0016616 oxidoreductase activity  acting on the CH-OH group of donors  NAD or NADP as acceptor,Gastrointestinal tract,,IPR022616,IPR001088,IPR015955|IPR036291,IPR019802,,,G9Z682,GI:493873169|GI:364569787|EMBL-CDS:EHM47409.1|REFSEQ:WP_006819617.1,Enterobacterales,Yokenella regensburgei ATCC 43003.,FALSE,fig|1002368.3.peg.2877,,PF02056|PF11975,Proteobacteria,FALSE,448,BLASTHIT,G9Z682,Yokenella regensburgei ATCC 43003,,Bacteria,,1002368,TrEMBL
1433557,,,Gammaproteobacteria,Family 4 glycosyl hydrolase,,Enterobacteriaceae,CIT292_07448,Citrobacter,0004553 hydrolase activity  hydrolyzing O-glycosyl compounds|0016616 oxidoreductase activity  acting on the CH-OH group of donors  NAD or NADP as acceptor,Gastrointestinal tract,Facultative,IPR022616,IPR001088,IPR015955|IPR036291,IPR019802,,,D4BAF4,GI:291071056|GI:493735624|EMBL-CDS:EFE09165.1|REFSEQ:WP_006684837.1,Enterobacterales,Citrobacter youngae ATCC 29220.,FALSE,,,PF02056|PF11975,Proteobacteria,FALSE,451,BLASTHIT,D4BAF4,Citrobacter youngae ATCC 29220,500640.CIT292_07448,Bacteria,,500640,TrEMBL
1433843,,GH4,Gammaproteobacteria,Uncharacterized protein,,Enterobacteriaceae,CKO_01759,Citrobacter,0004553 hydrolase activity  hydrolyzing O-glycosyl compounds|0016616 oxidoreductase activity  acting on the CH-OH group of donors  NAD or NADP as acceptor,Gastrointestinal tract,Facultative,IPR022616,IPR001088,IPR015955|IPR036291,IPR019802,cko:CKO_01759,,A8AHC5,GI:501082047|GI:157083210|EMBL-CDS:ABV12888.1|REFSEQ:WP_012132625.1,Enterobacterales,Citrobacter koseri  (strain ATCC BAA-895 / CDC 4225-83 / SGSC4696),TRUE,,,PF02056|PF11975,Proteobacteria,FALSE,451,BLASTHIT,A8AHC5,Citrobacter koseri ATCC BAA-895,290338.CKO_01759,Bacteria,,290338,TrEMBL
1434074,,GH4,Bacilli,Glycosyl hydrolase| family 4,,Enterococcaceae,EF_1411,Enterococcus,0004553 hydrolase activity  hydrolyzing O-glycosyl compounds|0016616 oxidoreductase activity  acting on the CH-OH group of donors  NAD or NADP as acceptor,Gastrointestinal tract,Facultative,IPR022616,IPR001088,IPR015955|IPR036291,IPR019802,efa:EF1411,,Q835G6,GI:508210430|GI:29375978|GI:81585288|GI:508173806|GI:488286486|GI:29343440|EMBL-CDS:AAO81202.1|REFSEQ:NP_815132.1|REFSEQ:WP_002357694.1,Lactobacillales,Enterococcus faecalis  (strain ATCC 700802 / V583),TRUE,fig|226185.45.peg.2090,,PF02056|PF11975,Firmicutes,FALSE,464,BLASTHIT,Q835G6,Enterococcus faecalis V583,226185.EF1411,Bacteria,,226185,TrEMBL
1434378,,,Erysipelotrichia,Family 4 glycosyl hydrolase,,Erysipelotrichaceae,CLORAM_02974,Erysipelatoclostridium,0004553 hydrolase activity  hydrolyzing O-glycosyl compounds|0016616 oxidoreductase activity  acting on the CH-OH group of donors  NAD or NADP as acceptor,Gastrointestinal tract,Anaerobe,IPR022616,IPR001088,IPR015955|IPR036291,IPR019802,,,B0N5W9,GI:489634763|GI:167703599|EMBL-CDS:EDS18178.1|REFSEQ:WP_003539203.1,Erysipelotrichales,Erysipelatoclostridium ramosum DSM 1402.,TRUE,,,PF02056|PF11975,Firmicutes,FALSE,460,BLASTHIT,B0N5W9,Erysipelatoclostridium ramosum DSM 1402,445974.CLORAM_02974,Bacteria,,445974,TrEMBL
1434443,,GH4,Gammaproteobacteria,6-phospho-beta-glucosidase,,Vibrionaceae,VC_1284,Vibrio,0008706 6-phospho-beta-glucosidase activity|0016616 oxidoreductase activity  acting on the CH-OH group of donors  NAD or NADP as acceptor,Gastrointestinal tract,Facultative,IPR022616,IPR001088,IPR015955|IPR036291,,vch:VC1284,,Q9KSH2,GI:81545058|GI:446011310|GI:15641297|GI:9655770|EMBL-CDS:AAF94443.1|REFSEQ:NP_230929.1|REFSEQ:WP_000089165.1,Vibrionales,Vibrio cholerae serotype O1  (strain ATCC 39315 / El Tor Inaba N16961),TRUE,fig|243277.26.peg.1223,,PF02056|PF11975,Proteobacteria,FALSE,440,BLASTHIT,Q9KSH2,Vibrio cholerae O1 biovar El Tor str. N16961,243277.VC1284,Bacteria,,243277,TrEMBL
1434468,,GH4,Clostridia,Family 4 glycosyl hydrolase,,Ruminococcaceae,BACCAP_03236,Pseudoflavonifractor,0004553 hydrolase activity  hydrolyzing O-glycosyl compounds|0016616 oxidoreductase activity  acting on the CH-OH group of donors  NAD or NADP as acceptor,Gastrointestinal tract,Anaerobe,IPR022616,IPR001088,IPR015955|IPR036291,IPR019802,,,A6NYD6,GI:150271658|GI:493621546|EMBL-CDS:EDM98902.1|REFSEQ:WP_006573743.1,Clostridiales,Pseudoflavonifractor capillosus ATCC 29799.,FALSE,,,PF02056|PF11975,Firmicutes,FALSE,440,BLASTHIT,A6NYD6,Pseudoflavonifractor capillosus ATCC 29799,411467.BACCAP_03236,Bacteria,,411467,TrEMBL
1434608,,,Gammaproteobacteria,6-phospho-beta-glucosidase,3.2.1.86 {ECO:0000313|EMBL:KFC89701.1},Hafniaceae,EAE69_11065,Hafnia,0008706 6-phospho-beta-glucosidase activity|0103047 methyl beta-D-glucoside 6-phosphate glucohydrolase activity|0016616 oxidoreductase activity  acting on the CH-OH group of donors  NAD or NADP as acceptor,Gastrointestinal tract,,IPR022616,IPR001088,IPR015955|IPR036291,IPR019802,,,A0A085H156,GI:759780875|GI:668974795|EMBL-CDS:KFC89701.1|EMBL-CDS:RLR10029.1|REFSEQ:WP_043489741.1,Enterobacterales,Hafnia alvei ATCC 13337.,FALSE,,,PF02056|PF11975,Proteobacteria,FALSE,447,BLASTHIT,A0A085H156,Hafnia alvei ATCC 13337,,Bacteria,,910996,TrEMBL
1434685,,GH4,Clostridia,Family 4 glycosyl hydrolase,,Ruminococcaceae,SUBVAR_06682,Subdoligranulum,0004553 hydrolase activity  hydrolyzing O-glycosyl compounds|0016616 oxidoreductase activity  acting on the CH-OH group of donors  NAD or NADP as acceptor,Gastrointestinal tract,Anaerobe,IPR022616,IPR001088,IPR015955|IPR036291,IPR019802,,,D1PQL3,GI:494107255|GI:282569458|EMBL-CDS:EFB74993.1|REFSEQ:WP_007048041.1,Clostridiales,Subdoligranulum variabile DSM 15176.,FALSE,,,PF02056|PF11975,Firmicutes,FALSE,462,BLASTHIT,D1PQL3,Subdoligranulum variabile DSM 15176,411471.SUBVAR_06682,Bacteria,,411471,TrEMBL
1434698,,GH4,Erysipelotrichia,Family 4 glycosyl hydrolase,,Erysipelotrichaceae,CATMIT_01463,Catenibacterium,0004553 hydrolase activity  hydrolyzing O-glycosyl compounds|0016616 oxidoreductase activity  acting on the CH-OH group of donors  NAD or NADP as acceptor,Gastrointestinal tract,Anaerobe,IPR022616,IPR001088,IPR015955|IPR036291,IPR019802,,,E2NSA7,GI:224524830|GI:493552039|EMBL-CDS:EEF93935.1|REFSEQ:WP_006505672.1,Erysipelotrichales,Catenibacterium mitsuokai  (strain DSM 15897 / JCM 10609 / CIP 106738 /RCA14-39),FALSE,,,PF02056|PF11975,Firmicutes,FALSE,466,BLASTHIT,E2NSA7,Catenibacterium mitsuokai DSM 15897,,Bacteria,,451640,TrEMBL
1434797,,,Erysipelotrichia,Putative 6-phospho-beta-glucosidase,,Erysipelotrichaceae,HMPREF0367_00757,Faecalitalea,0004553 hydrolase activity  hydrolyzing O-glycosyl compounds|0016616 oxidoreductase activity  acting on the CH-OH group of donors  NAD or NADP as acceptor,Gastrointestinal tract,Anaerobe,IPR022616,IPR001088,IPR015955|IPR036291,IPR019802,,,U2PPE3,GI:544232904|GI:737421258|EMBL-CDS:ERK45976.1|REFSEQ:WP_035402073.1,Erysipelotrichales,Faecalitalea cylindroides ATCC 27803.,FALSE,fig|649755.3.peg.695,,PF02056|PF11975,Firmicutes,FALSE,463,BLASTHIT,U2PPE3,Faecalitalea cylindroides ATCC 27803,,Bacteria,,649755,TrEMBL
1434907,,,Gammaproteobacteria,Chitobiose-specific 6-phospho-beta-glucosidase ChbF,3.2.1.86 {ECO:0000313|EMBL:EFW56154.1},Enterobacteriaceae,SGB_01552,Shigella,0008706 6-phospho-beta-glucosidase activity|0103047 methyl beta-D-glucoside 6-phosphate glucohydrolase activity|0016616 oxidoreductase activity  acting on the CH-OH group of donors  NAD or NADP as acceptor,Gastrointestinal tract,Facultative,IPR022616,IPR001088,IPR015955|IPR036291,IPR019802,,,E7SVW4,GI:320181235|EMBL-CDS:EFW56154.1,Enterobacterales,Shigella boydii ATCC 9905.,FALSE,fig|932676.3.peg.1568,,PF02056|PF11975,Proteobacteria,FALSE,418,BLASTHIT,E7SVW4,Shigella boydii ATCC 9905,,Bacteria,,932676,TrEMBL
1434936,,,Clostridia,Putative 6-phospho-beta-glucosidase,,Lachnospiraceae,HMPREF0369_02810,Anaerostipes,0004553 hydrolase activity  hydrolyzing O-glycosyl compounds|0016616 oxidoreductase activity  acting on the CH-OH group of donors  NAD or NADP as acceptor,Gastrointestinal tract,Anaerobe,IPR022616,IPR001088,IPR015955|IPR036291,IPR019802,,,L1PT65,GI:496496168|GI:429177571|EMBL-CDS:EKY18888.1|REFSEQ:WP_009204704.1,Clostridiales,Anaerostipes hadrus DSM 3319.,FALSE,fig|649757.3.peg.2679,,PF02056|PF11975,Firmicutes,FALSE,462,BLASTHIT,L1PT65,Anaerostipes hadrus DSM 3319,,Bacteria,,649757,TrEMBL
1434971,,,Gammaproteobacteria,Putative 6-phospho-beta-glucosidase,,Hafniaceae,HMPREF0454_01268,Hafnia,0004553 hydrolase activity  hydrolyzing O-glycosyl compounds|0016616 oxidoreductase activity  acting on the CH-OH group of donors  NAD or NADP as acceptor,Gastrointestinal tract,Aerobe,IPR022616,IPR001088,IPR015955|IPR036291,IPR019802,,,G9Y3Y8,GI:364567285|GI:490192359|EMBL-CDS:EHM44955.1|REFSEQ:WP_004090942.1,Enterobacterales,Hafnia alvei ATCC 51873.,FALSE,fig|1002364.3.peg.1165,,PF02056|PF11975,Proteobacteria,FALSE,435,BLASTHIT,G9Y3Y8,Hafnia alvei ATCC 51873,,Bacteria,,1002364,TrEMBL
1435087,,,Gammaproteobacteria,6-phospho-beta-glucosidase,3.2.1.86 {ECO:0000313|EMBL:KFC90082.1},Hafniaceae,EAE69_16675,Hafnia,0008706 6-phospho-beta-glucosidase activity|0103047 methyl beta-D-glucoside 6-phosphate glucohydrolase activity|0016616 oxidoreductase activity  acting on the CH-OH group of donors  NAD or NADP as acceptor,Gastrointestinal tract,,IPR022616,IPR001088,IPR015955|IPR036291,IPR019802,,,A0A085H287,GI:759780453|GI:668975198|EMBL-CDS:KFC90082.1|EMBL-CDS:RLR08650.1|REFSEQ:WP_043489411.1,Enterobacterales,Hafnia alvei ATCC 13337.,FALSE,,,PF02056|PF11975,Proteobacteria,FALSE,435,BLASTHIT,A0A085H287,Hafnia alvei ATCC 13337,,Bacteria,,910996,TrEMBL
1435156,,,Gammaproteobacteria,Putative 6-phospho-beta-glucosidase,,Enterobacteriaceae,HMPREF0201_01892,Cedecea,0004553 hydrolase activity  hydrolyzing O-glycosyl compounds|0016616 oxidoreductase activity  acting on the CH-OH group of donors  NAD or NADP as acceptor,Gastrointestinal tract,,IPR022616,IPR001088,IPR015955|IPR036291,IPR019802,,,S3IW02,GI:514233546|GI:513470122|EMBL-CDS:EPF17908.1|REFSEQ:WP_016536195.1,Enterobacterales,Cedecea davisae DSM 4568.,FALSE,fig|566551.4.peg.1742,,PF02056|PF11975,Proteobacteria,FALSE,433,BLASTHIT,S3IW02,Cedecea davisae DSM 4568,,Bacteria,,566551,TrEMBL
1435347,,,Gammaproteobacteria,Putative 6-phospho-beta-glucosidase,,Enterobacteriaceae,HMPREF0880_00340,Yokenella,0004553 hydrolase activity  hydrolyzing O-glycosyl compounds|0016616 oxidoreductase activity  acting on the CH-OH group of donors  NAD or NADP as acceptor,Gastrointestinal tract,,IPR022616,IPR001088,IPR015955|IPR036291,IPR019802,,,G9YYQ3,GI:493870326|GI:364574061|EMBL-CDS:EHM51534.1|REFSEQ:WP_006816868.1,Enterobacterales,Yokenella regensburgei ATCC 43003.,FALSE,fig|1002368.3.peg.310,,PF02056|PF11975,Proteobacteria,FALSE,435,BLASTHIT,G9YYQ3,Yokenella regensburgei ATCC 43003,,Bacteria,,1002368,TrEMBL
1435519,,,Coriobacteriia,Family 4 glycosyl hydrolase,,Coriobacteriaceae,COLSTE_00754,Collinsella,0004553 hydrolase activity  hydrolyzing O-glycosyl compounds|0016616 oxidoreductase activity  acting on the CH-OH group of donors  NAD or NADP as acceptor,Gastrointestinal tract,Anaerobe,IPR022616,IPR001088,IPR015955|IPR036291,,,,B6G9L3,GI:210160049|EMBL-CDS:EEA91020.1,Coriobacteriales,Collinsella stercoris DSM 13279.,FALSE,,,PF02056|PF11975,Actinobacteria,FALSE,321,BLASTHIT,B6G9L3,Collinsella stercoris DSM 13279,445975.COLSTE_00754,Bacteria,,445975,TrEMBL
1435622,,,Erysipelotrichia,Family 4 glycosyl hydrolase,,Erysipelotrichaceae,CLORAM_00884,Erysipelatoclostridium,0004553 hydrolase activity  hydrolyzing O-glycosyl compounds|0016616 oxidoreductase activity  acting on the CH-OH group of donors  NAD or NADP as acceptor,Gastrointestinal tract,Anaerobe,IPR022616,IPR001088,IPR015955|IPR036291,,,,B0N366,GI:167704309|EMBL-CDS:EDS18888.1,Erysipelotrichales,Erysipelatoclostridium ramosum DSM 1402.,TRUE,,,PF02056|PF11975,Firmicutes,FALSE,427,BLASTHIT,B0N366,Erysipelatoclostridium ramosum DSM 1402,445974.CLORAM_00884,Bacteria,,445974,TrEMBL
1435681,,,Clostridia,Family 4 glycosyl hydrolase,,Ruminococcaceae,CLOLEP_00736,,0004553 hydrolase activity  hydrolyzing O-glycosyl compounds|0016616 oxidoreductase activity  acting on the CH-OH group of donors  NAD or NADP as acceptor,Gastrointestinal tract,Anaerobe,IPR022616,IPR001088,IPR015955|IPR036291,,,,A7VQA8,GI:489623837|GI:156869241|EMBL-CDS:EDO62613.1|REFSEQ:WP_003528277.1,Clostridiales,[Clostridium] leptum DSM 753.,TRUE,,,PF02056|PF11975,Firmicutes,FALSE,426,BLASTHIT,A7VQA8,[Clostridium] leptum DSM 753,428125.CLOLEP_00736,Bacteria,,428125,TrEMBL
1435715,,,Clostridia,Family 4 glycosyl hydrolase,,Lachnospiraceae,CLOSTASPAR_00046,Lachnoclostridium,0004553 hydrolase activity  hydrolyzing O-glycosyl compounds|0016616 oxidoreductase activity  acting on the CH-OH group of donors  NAD or NADP as acceptor,Gastrointestinal tract,Obligate anaerobe,IPR022616,IPR001088,IPR015955|IPR036291,IPR019802,,,C0CSV2,GI:494978965|GI:225047582|EMBL-CDS:EEG57828.1|REFSEQ:WP_007704989.1,Clostridiales,[Clostridium] asparagiforme DSM 15981.,TRUE,,,PF02056|PF11975,Firmicutes,FALSE,432,BLASTHIT,C0CSV2,[Clostridium] asparagiforme DSM 15981,,Bacteria,,518636,TrEMBL
1436409,,,Gammaproteobacteria,Family 4 glycosyl hydrolase,,Morganellaceae,PROSTU_00854,Providencia,0004553 hydrolase activity  hydrolyzing O-glycosyl compounds,Gastrointestinal tract,Anaerobe,,IPR001088,IPR036291,IPR019802,,,B2PWB9,GI:188023068|EMBL-CDS:EDU61108.1,Enterobacterales,Providencia stuartii ATCC 25827.,FALSE,,,PF02056,Proteobacteria,FALSE,192,BLASTHIT,B2PWB9,Providencia stuartii ATCC 25827,471874.PROSTU_00854,Bacteria,,471874,TrEMBL
1436730,,GH4,Coriobacteriia,Family 4 glycosyl hydrolase,,Coriobacteriaceae,COLAER_01858,Collinsella,0004553 hydrolase activity  hydrolyzing O-glycosyl compounds|0016616 oxidoreductase activity  acting on the CH-OH group of donors  NAD or NADP as acceptor,Gastrointestinal tract,Anaerobe,IPR022616,IPR001088,IPR015955|IPR036291,,,,A4EBN7,GI:133775177|EMBL-CDS:EBA38997.1,Coriobacteriales,Collinsella aerofaciens ATCC 25986.,TRUE,,,PF02056|PF11975,Actinobacteria,FALSE,445,BLASTHIT,A4EBN7,Collinsella aerofaciens ATCC 25986,411903.COLAER_01858,Bacteria,,411903,TrEMBL
1436975,,,Gammaproteobacteria,Putative maltose-6'-phosphate glucosidase,,Enterobacteriaceae,HMPREF0201_03482,Cedecea,0004553 hydrolase activity  hydrolyzing O-glycosyl compounds|0016616 oxidoreductase activity  acting on the CH-OH group of donors  NAD or NADP as acceptor,Gastrointestinal tract,,IPR022616,IPR001088,IPR015955|IPR036291,,,,S3IRN9,GI:514235098|GI:513467340|EMBL-CDS:EPF15246.1|REFSEQ:WP_016537747.1,Enterobacterales,Cedecea davisae DSM 4568.,FALSE,fig|566551.4.peg.3173,,PF02056|PF11975,Proteobacteria,FALSE,454,BLASTHIT,S3IRN9,Cedecea davisae DSM 4568,,Bacteria,,566551,TrEMBL
1437042,,,Erysipelotrichia,6-phospho-alpha-glucosidase,3.2.1.122 {ECO:0000313|EMBL:EEC91062.1},Erysipelotrichaceae,EUBIFOR_00338,Holdemanella,0050081 maltose-6'-phosphate glucosidase activity|0016616 oxidoreductase activity  acting on the CH-OH group of donors  NAD or NADP as acceptor,Gastrointestinal tract,Anaerobe,IPR022616,IPR001088,IPR015955|IPR036291,IPR019802,,,B7C835,GI:489960842|GI:218217524|EMBL-CDS:EEC91062.1|REFSEQ:WP_003864149.1,Erysipelotrichales,Holdemanella biformis DSM 3989.,FALSE,,,PF02056|PF11975,Firmicutes,FALSE,442,BLASTHIT,B7C835,Holdemanella biformis DSM 3989,518637.EUBIFOR_00338,Bacteria,,518637,TrEMBL
1437044,,,Gammaproteobacteria,Family 4 glycosyl hydrolase,,Enterobacteriaceae,ENTCAN_07202,Enterobacter,0004553 hydrolase activity  hydrolyzing O-glycosyl compounds|0016616 oxidoreductase activity  acting on the CH-OH group of donors  NAD or NADP as acceptor,Gastrointestinal tract,Facultative,IPR022616,IPR001088,IPR015955|IPR036291,,,,D2ZFE7,GI:288317256|GI:493175998|EMBL-CDS:EFC56194.1|REFSEQ:WP_006176680.1,Enterobacterales,Enterobacter cancerogenus ATCC 35316.,FALSE,,,PF02056|PF11975,Proteobacteria,FALSE,455,BLASTHIT,D2ZFE7,Enterobacter cancerogenus ATCC 35316,500639.ENTCAN_07202,Bacteria,,500639,TrEMBL
1437266,,,Fusobacteriia,Maltose-6'-phosphate glucosidase,3.2.1.122 {ECO:0000313|EMBL:EEO34496.1},Fusobacteriaceae,FMAG_00058,Fusobacterium,0050081 maltose-6'-phosphate glucosidase activity|0016616 oxidoreductase activity  acting on the CH-OH group of donors  NAD or NADP as acceptor,Gastrointestinal tract,Anaerobe,IPR022616,IPR001088,IPR015955|IPR036291,IPR019802,fmo:C4N19_03910,,C3W9F9,GI:1370540838|GI:229419449|GI:492552918|EMBL-CDS:EEO34496.1|REFSEQ:WP_005883337.1,Fusobacteriales,Fusobacterium mortiferum ATCC 9817.,FALSE,,,PF02056|PF11975,Fusobacteria,FALSE,446,BLASTHIT,C3W9F9,Fusobacterium mortiferum ATCC 9817,469616.FMAG_00058,Bacteria,,469616,TrEMBL
1437312,,,Gammaproteobacteria,Family 4 glycosyl hydrolase,,Morganellaceae,PROSTU_00853,Providencia,0004553 hydrolase activity  hydrolyzing O-glycosyl compounds|0016616 oxidoreductase activity  acting on the CH-OH group of donors  NAD or NADP as acceptor,Gastrointestinal tract,Anaerobe,IPR022616,IPR001088,IPR015955,,,,B2PWB8,GI:188023067|EMBL-CDS:EDU61107.1,Enterobacterales,Providencia stuartii ATCC 25827.,FALSE,,,PF11975,Proteobacteria,FALSE,259,BLASTHIT,B2PWB8,Providencia stuartii ATCC 25827,471874.PROSTU_00853,Bacteria,,471874,TrEMBL
1437313,,,Tissierellia,Maltose-6'-phosphate glucosidase,3.2.1.122 {ECO:0000313|EMBL:EEB36728.1},Peptoniphilaceae,ANHYDRO_00400,Anaerococcus,0050081 maltose-6'-phosphate glucosidase activity|0016616 oxidoreductase activity  acting on the CH-OH group of donors  NAD or NADP as acceptor,Gastrointestinal tract,Anaerobe,IPR022616,IPR001088,IPR015955|IPR036291,IPR019802,,,B6W754,GI:490951025|GI:212677121|EMBL-CDS:EEB36728.1|REFSEQ:WP_004812844.1,Tissierellales,Anaerococcus hydrogenalis DSM 7454.,FALSE,,,PF02056|PF11975,Firmicutes,FALSE,441,BLASTHIT,B6W754,Anaerococcus hydrogenalis DSM 7454,561177.ANHYDRO_00400,Bacteria,,561177,TrEMBL
1437314,,,Clostridia,6-phospho-alpha-glucosidase,3.2.1.122 {ECO:0000313|EMBL:EFC96953.1},Clostridiaceae,CLOSTHATH_04855,Hungatella,0050081 maltose-6'-phosphate glucosidase activity|0016616 oxidoreductase activity  acting on the CH-OH group of donors  NAD or NADP as acceptor,Gastrointestinal tract,Anaerobe,IPR022616,IPR001088,IPR015955|IPR036291,IPR019802,,,D3AMK5,GI:288864655|GI:493827873|EMBL-CDS:EFC96953.1|REFSEQ:WP_006775285.1,Clostridiales,Hungatella hathewayi DSM 13479.,TRUE,,,PF02056|PF11975,Firmicutes,FALSE,445,BLASTHIT,D3AMK5,Hungatella hathewayi DSM 13479,,Bacteria,,566550,TrEMBL
1437682,,,Clostridia,Maltose-6'-phosphate glucosidase,3.2.1.122 {ECO:0000313|EMBL:EDU37844.1},Clostridiaceae,CLOSPO_00659,Clostridium,0050081 maltose-6'-phosphate glucosidase activity|0016616 oxidoreductase activity  acting on the CH-OH group of donors  NAD or NADP as acceptor,Gastrointestinal tract,Anaerobe,IPR022616,IPR001088,IPR015955|IPR036291,IPR019802,,,J7SW02,GI:187774042|GI:489583179|EMBL-CDS:EDU37844.1|REFSEQ:WP_003487625.1,Clostridiales,Clostridium sporogenes  (strain ATCC 15579),TRUE,,,PF02056|PF11975,Firmicutes,FALSE,441,BLASTHIT,J7SW02,Clostridium sporogenes ATCC 15579,,Bacteria,,471871,TrEMBL
1437779,,,Fusobacteriia,Maltose-6'-phosphate glucosidase,3.2.1.122 {ECO:0000313|EMBL:EES62320.1},Fusobacteriaceae,FVAG_00009,Fusobacterium,0050081 maltose-6'-phosphate glucosidase activity|0016616 oxidoreductase activity  acting on the CH-OH group of donors  NAD or NADP as acceptor,Gastrointestinal tract,Anaerobe,IPR022616,IPR001088,IPR015955|IPR036291,IPR019802,,,C6JN98,GI:492752513|GI:1370544039|GI:251833757|EMBL-CDS:EES62320.1|REFSEQ:WP_005950664.1,Fusobacteriales,Fusobacterium varium ATCC 27725.,FALSE,,,PF02056|PF11975,Fusobacteria,FALSE,447,BLASTHIT,C6JN98,Fusobacterium varium ATCC 27725,469618.FVAG_00009,Bacteria,,469618,TrEMBL
1437782,,,Clostridia,Putative maltose-6'-phosphate glucosidase,,Lachnospiraceae,HMPREF0369_02809,Anaerostipes,0004553 hydrolase activity  hydrolyzing O-glycosyl compounds|0016616 oxidoreductase activity  acting on the CH-OH group of donors  NAD or NADP as acceptor,Gastrointestinal tract,Anaerobe,IPR022616,IPR001088,IPR015955|IPR036291,,,,L1PU55,GI:496496167|GI:429177570|EMBL-CDS:EKY18887.1|REFSEQ:WP_009204703.1,Clostridiales,Anaerostipes hadrus DSM 3319.,FALSE,fig|649757.3.peg.2678,,PF02056|PF11975,Firmicutes,FALSE,442,BLASTHIT,L1PU55,Anaerostipes hadrus DSM 3319,,Bacteria,,649757,TrEMBL
1438137,,,Coriobacteriia,Family 4 glycosyl hydrolase,,Coriobacteriaceae,COLSTE_01057,Collinsella,0004553 hydrolase activity  hydrolyzing O-glycosyl compounds|0016616 oxidoreductase activity  acting on the CH-OH group of donors  NAD or NADP as acceptor,Gastrointestinal tract,Anaerobe,IPR022616,IPR001088,IPR015955|IPR036291,,,,B6GAF8,GI:210159801|GI:493772193|EMBL-CDS:EEA90772.1|REFSEQ:WP_006720711.1,Coriobacteriales,Collinsella stercoris DSM 13279.,FALSE,,,PF02056|PF11975,Actinobacteria,FALSE,440,BLASTHIT,B6GAF8,Collinsella stercoris DSM 13279,445975.COLSTE_01057,Bacteria,,445975,TrEMBL
1438586,,GH4,Coriobacteriia,Family 4 glycosyl hydrolase,,Coriobacteriaceae,COLINT_03140,Collinsella,0004553 hydrolase activity  hydrolyzing O-glycosyl compounds|0016616 oxidoreductase activity  acting on the CH-OH group of donors  NAD or NADP as acceptor,Gastrointestinal tract,Anaerobe,IPR022616,IPR001088,IPR015955|IPR036291,,,,C4FAP5,GI:229808398|EMBL-CDS:EEP44179.1,Coriobacteriales,Collinsella intestinalis DSM 13280.,FALSE,,,PF02056|PF11975,Actinobacteria,FALSE,473,BLASTHIT,C4FAP5,Collinsella intestinalis DSM 13280,521003.COLINT_03140,Bacteria,,521003,TrEMBL
1438587,,GH4,Bacilli,Maltose-6'-phosphate glucosidase MalH,3.2.1.122 {ECO:0000313|EMBL:EFG54787.1},Lactobacillaceae,HMPREF0493_1552,Lactobacillus,0050081 maltose-6'-phosphate glucosidase activity|0016616 oxidoreductase activity  acting on the CH-OH group of donors  NAD or NADP as acceptor,Gastrointestinal tract,Microaerophilic,IPR022616,IPR001088,IPR015955|IPR036291,,,,D4YVJ1,GI:493396586|GI:948691236|GI:295063829|EMBL-CDS:EFG54787.1|REFSEQ:WP_006352701.1,Lactobacillales,Lactobacillus amylolyticus DSM 11664.,FALSE,fig|585524.9.peg.666,,PF02056|PF11975,Firmicutes,FALSE,446,BLASTHIT,D4YVJ1,Lactobacillus amylolyticus DSM 11664,585524.HMPREF0493_1552,Bacteria,,585524,TrEMBL
1438659,,GH4,Erysipelotrichia,Family 4 glycosyl hydrolase,,Erysipelotrichaceae,EUBDOL_01953,Absiella,0004553 hydrolase activity  hydrolyzing O-glycosyl compounds|0016616 oxidoreductase activity  acting on the CH-OH group of donors  NAD or NADP as acceptor,Gastrointestinal tract,Anaerobe,IPR022616,IPR001088,IPR015955|IPR036291,,,,A8RDI3,GI:490938768|GI:158432406|EMBL-CDS:EDP10695.1|REFSEQ:WP_004800604.1,Erysipelotrichales,Absiella dolichum DSM 3991.,FALSE,,,PF02056|PF11975,Firmicutes,FALSE,440,BLASTHIT,A8RDI3,Absiella dolichum DSM 3991,428127.EUBDOL_01953,Bacteria,,428127,TrEMBL
1438664,,,Gammaproteobacteria,Maltose-6'-phosphate glucosidase,3.2.1.122 {ECO:0000313|EMBL:EFW54964.1},Enterobacteriaceae,SGB_02821,Shigella,0050081 maltose-6'-phosphate glucosidase activity|0016616 oxidoreductase activity  acting on the CH-OH group of donors  NAD or NADP as acceptor,Gastrointestinal tract,Facultative,IPR022616,IPR001088,IPR015955|IPR036291,IPR019802,,,E7SZD2,GI:320180022|EMBL-CDS:EFW54964.1,Enterobacterales,Shigella boydii ATCC 9905.,FALSE,fig|932676.3.peg.2845,,PF02056|PF11975,Proteobacteria,FALSE,435,BLASTHIT,E7SZD2,Shigella boydii ATCC 9905,,Bacteria,,932676,TrEMBL
1438836,,GH4,Gammaproteobacteria,Uncharacterized protein,,Enterobacteriaceae,CKO_00028,Citrobacter,0004553 hydrolase activity  hydrolyzing O-glycosyl compounds|0016616 oxidoreductase activity  acting on the CH-OH group of donors  NAD or NADP as acceptor,Gastrointestinal tract,Facultative,IPR022616,IPR001088,IPR015955|IPR036291,IPR019802,cko:CKO_00028,,A8ACJ4,GI:157081529|GI:500819482|EMBL-CDS:ABV11207.1|REFSEQ:WP_012000788.1,Enterobacterales,Citrobacter koseri  (strain ATCC BAA-895 / CDC 4225-83 / SGSC4696),TRUE,,,PF02056|PF11975,Proteobacteria,FALSE,440,BLASTHIT,A8ACJ4,Citrobacter koseri ATCC BAA-895,290338.CKO_00028,Bacteria,,290338,TrEMBL
1438837,,,Tissierellia,Family 4 glycosyl hydrolase,,Peptoniphilaceae,ANHYDRO_01531,Anaerococcus,0004553 hydrolase activity  hydrolyzing O-glycosyl compounds|0016616 oxidoreductase activity  acting on the CH-OH group of donors  NAD or NADP as acceptor,Gastrointestinal tract,Anaerobe,IPR022616,IPR001088,IPR015955|IPR036291,,,,B6WAA5,GI:212676056|GI:490953033|EMBL-CDS:EEB35663.1|REFSEQ:WP_004814851.1,Tissierellales,Anaerococcus hydrogenalis DSM 7454.,FALSE,,,PF02056|PF11975,Firmicutes,FALSE,437,BLASTHIT,B6WAA5,Anaerococcus hydrogenalis DSM 7454,561177.ANHYDRO_01531,Bacteria,,561177,TrEMBL
1438843,,GH4,Clostridia,Family 4 glycosyl hydrolase,,Ruminococcaceae,SUBVAR_06810,Subdoligranulum,0004553 hydrolase activity  hydrolyzing O-glycosyl compounds|0016616 oxidoreductase activity  acting on the CH-OH group of donors  NAD or NADP as acceptor,Gastrointestinal tract,Anaerobe,IPR022616,IPR001088,IPR015955|IPR036291,IPR019802,,,D1PQY3,GI:282569295|GI:494107375|EMBL-CDS:EFB74830.1|REFSEQ:WP_007048161.1,Clostridiales,Subdoligranulum variabile DSM 15176.,FALSE,,,PF02056|PF11975,Firmicutes,FALSE,441,BLASTHIT,D1PQY3,Subdoligranulum variabile DSM 15176,411471.SUBVAR_06810,Bacteria,,411471,TrEMBL
1438850,,GH4,Erysipelotrichia,Maltose-6'-phosphate glucosidase MalH,3.2.1.122 {ECO:0000313|EMBL:EEF94697.1},Erysipelotrichaceae,CATMIT_00638,Catenibacterium,0050081 maltose-6'-phosphate glucosidase activity|0016616 oxidoreductase activity  acting on the CH-OH group of donors  NAD or NADP as acceptor,Gastrointestinal tract,Anaerobe,IPR022616,IPR001088,IPR015955|IPR036291,IPR019802,,,E2NPY8,GI:493551197|GI:224525592|EMBL-CDS:EEF94697.1|REFSEQ:WP_006504854.1,Erysipelotrichales,Catenibacterium mitsuokai  (strain DSM 15897 / JCM 10609 / CIP 106738 /RCA14-39),FALSE,,,PF02056|PF11975,Firmicutes,FALSE,443,BLASTHIT,E2NPY8,Catenibacterium mitsuokai DSM 15897,,Bacteria,,451640,TrEMBL
1438873,,,Gammaproteobacteria,Maltose-6'-phosphate glucosidase,,Enterobacteriaceae,HMPREF0201_04517,Cedecea,0004553 hydrolase activity  hydrolyzing O-glycosyl compounds|0016616 oxidoreductase activity  acting on the CH-OH group of donors  NAD or NADP as acceptor,Gastrointestinal tract,,IPR022616,IPR001088,IPR015955|IPR036291,IPR019802,,,S3JI89,GI:513464979|GI:514236036|EMBL-CDS:EPF12914.1|REFSEQ:WP_016538685.1,Enterobacterales,Cedecea davisae DSM 4568.,FALSE,fig|566551.4.peg.4129,,PF02056|PF11975,Proteobacteria,FALSE,440,BLASTHIT,S3JI89,Cedecea davisae DSM 4568,,Bacteria,,566551,TrEMBL
1438965,,GH4,Coriobacteriia,Family 4 glycosyl hydrolase,,Coriobacteriaceae,COLAER_01415,Collinsella,0004553 hydrolase activity  hydrolyzing O-glycosyl compounds|0016616 oxidoreductase activity  acting on the CH-OH group of donors  NAD or NADP as acceptor,Gastrointestinal tract,Anaerobe,IPR022616,IPR001088,IPR015955|IPR036291,,,,A4EAF7,GI:133775660|GI:493277554|EMBL-CDS:EBA39480.1|REFSEQ:WP_006235346.1,Coriobacteriales,Collinsella aerofaciens ATCC 25986.,TRUE,,,PF02056|PF11975,Actinobacteria,FALSE,460,BLASTHIT,A4EAF7,Collinsella aerofaciens ATCC 25986,411903.COLAER_01415,Bacteria,,411903,TrEMBL
1438975,,,Clostridia,Family 4 glycosyl hydrolase,,Clostridiaceae,CLOSPO_00645,Clostridium,0004553 hydrolase activity  hydrolyzing O-glycosyl compounds|0016616 oxidoreductase activity  acting on the CH-OH group of donors  NAD or NADP as acceptor,Gastrointestinal tract,Anaerobe,IPR022616,IPR001088,IPR015955|IPR036291,IPR019802,,,J7T1K2,GI:489583154|GI:187774028|EMBL-CDS:EDU37830.1|REFSEQ:WP_003487600.1,Clostridiales,Clostridium sporogenes  (strain ATCC 15579),TRUE,,,PF02056|PF11975,Firmicutes,FALSE,444,BLASTHIT,J7T1K2,Clostridium sporogenes ATCC 15579,,Bacteria,,471871,TrEMBL
1439237,,,Fusobacteriia,Maltose-6'-phosphate glucosidase,3.2.1.122 {ECO:0000313|EMBL:EEO36851.1},Fusobacteriaceae,FMAG_02413,Fusobacterium,0050081 maltose-6'-phosphate glucosidase activity|0016616 oxidoreductase activity  acting on the CH-OH group of donors  NAD or NADP as acceptor,Gastrointestinal tract,Anaerobe,IPR022616,IPR001088,IPR015955|IPR036291,IPR019802,fmo:C4N19_02535,,C3WG45,GI:1370540630|GI:229421804|GI:492559721|EMBL-CDS:EEO36851.1|REFSEQ:WP_005886208.1,Fusobacteriales,Fusobacterium mortiferum ATCC 9817.,FALSE,,,PF02056|PF11975,Fusobacteria,FALSE,441,BLASTHIT,C3WG45,Fusobacterium mortiferum ATCC 9817,469616.FMAG_02413,Bacteria,,469616,TrEMBL
1439333,,,Fusobacteriia,Maltose-6'-phosphate glucosidase,3.2.1.122 {ECO:0000313|EMBL:EEO36845.1},Fusobacteriaceae,FMAG_02407,Fusobacterium,0050081 maltose-6'-phosphate glucosidase activity|0016616 oxidoreductase activity  acting on the CH-OH group of donors  NAD or NADP as acceptor,Gastrointestinal tract,Anaerobe,IPR022616,IPR001088,IPR015955|IPR036291,IPR019802,fmo:C4N19_02505,,C3WG39,GI:1370540624|GI:492559708|GI:229421798|EMBL-CDS:EEO36845.1|REFSEQ:WP_005886200.1,Fusobacteriales,Fusobacterium mortiferum ATCC 9817.,FALSE,,,PF02056|PF11975,Fusobacteria,FALSE,442,BLASTHIT,C3WG39,Fusobacterium mortiferum ATCC 9817,469616.FMAG_02407,Bacteria,,469616,TrEMBL
1439447,,,Fusobacteriia,Maltose-6'-phosphate glucosidase,3.2.1.122 {ECO:0000313|EMBL:EEO34854.1},Fusobacteriaceae,FMAG_00416,Fusobacterium,0050081 maltose-6'-phosphate glucosidase activity|0016616 oxidoreductase activity  acting on the CH-OH group of donors  NAD or NADP as acceptor,Gastrointestinal tract,Anaerobe,IPR022616,IPR001088,IPR015955|IPR036291,IPR019802,fmo:C4N19_05745,,C3WAG7,GI:229419807|GI:492553539|GI:1370541186|EMBL-CDS:EEO34854.1|REFSEQ:WP_005883957.1,Fusobacteriales,Fusobacterium mortiferum ATCC 9817.,FALSE,,,PF02056|PF11975,Fusobacteria,FALSE,443,BLASTHIT,C3WAG7,Fusobacterium mortiferum ATCC 9817,469616.FMAG_00416,Bacteria,,469616,TrEMBL
1439545,,,Erysipelotrichia,Maltose-6'-phosphate glucosidase,3.2.1.122 {ECO:0000313|EMBL:EDS18943.1},Erysipelotrichaceae,CLORAM_00939,Erysipelatoclostridium,0050081 maltose-6'-phosphate glucosidase activity|0016616 oxidoreductase activity  acting on the CH-OH group of donors  NAD or NADP as acceptor,Gastrointestinal tract,Anaerobe,IPR022616,IPR001088,IPR015955|IPR036291,IPR019802,,,B0N3C1,GI:167704364|EMBL-CDS:EDS18943.1,Erysipelotrichales,Erysipelatoclostridium ramosum DSM 1402.,TRUE,,,PF02056|PF11975,Firmicutes,FALSE,453,BLASTHIT,B0N3C1,Erysipelatoclostridium ramosum DSM 1402,445974.CLORAM_00939,Bacteria,,445974,TrEMBL
1439559,,GH4,Bacilli,Maltose-6'-phosphate glucosidase,,Lactobacillaceae,LBA1689,Lactobacillus,0004553 hydrolase activity  hydrolyzing O-glycosyl compounds|0016616 oxidoreductase activity  acting on the CH-OH group of donors  NAD or NADP as acceptor,Gastrointestinal tract,Facultative,IPR022616,IPR001088,IPR015955|IPR036291,,lac:LBA1689,,Q5FIH3,GI:489645530|GI:58255264|GI:58337947|EMBL-CDS:AAV43501.1|REFSEQ:WP_003549970.1|REFSEQ:YP_194532.1,Lactobacillales,Lactobacillus acidophilus  (strain ATCC 700396 / NCK56 / N2 / NCFM),FALSE,fig|272621.13.peg.1609,,PF02056|PF11975,Firmicutes,FALSE,445,BLASTHIT,Q5FIH3,Lactobacillus acidophilus NCFM,272621.LBA1689,Bacteria,,272621,TrEMBL
1439661,,,Erysipelotrichia,Maltose-6'-phosphate glucosidase MalH,3.2.1.122 {ECO:0000313|EMBL:EDS18782.1},Erysipelotrichaceae,CLORAM_01741,Erysipelatoclostridium,0050081 maltose-6'-phosphate glucosidase activity|0016616 oxidoreductase activity  acting on the CH-OH group of donors  NAD or NADP as acceptor,Gastrointestinal tract,Anaerobe,IPR022616,IPR001088,IPR015955|IPR036291,IPR019802,,,B0N530,GI:489632879|GI:167702520|GI:167704203|EMBL-CDS:EDS17099.1|EMBL-CDS:EDS18782.1|REFSEQ:WP_003537319.1,Erysipelotrichales,Erysipelatoclostridium ramosum DSM 1402.,TRUE,,,PF02056|PF11975,Firmicutes,FALSE,443,BLASTHIT,B0N530,Erysipelatoclostridium ramosum DSM 1402,445974.CLORAM_01741,Bacteria,,445974,TrEMBL
1439663,,GH4,Bacilli,6-phospho-alpha-glucosidase,3.2.1.122 {ECO:0000313|EMBL:EEJ71200.1},Lactobacillaceae,HMPREF0548_1932,Lactobacillus,0050081 maltose-6'-phosphate glucosidase activity|0016616 oxidoreductase activity  acting on the CH-OH group of donors  NAD or NADP as acceptor,Gastrointestinal tract,Microaerophilic,IPR022616,IPR001088,IPR015955|IPR036291,,,,C2EQI6,GI:227863779|GI:948758669|GI:494204212|EMBL-CDS:EEJ71200.1|REFSEQ:WP_007126689.1,Lactobacillales,Lactobacillus ultunensis DSM 16047.,FALSE,fig|525365.8.peg.2006,,PF02056|PF11975,Firmicutes,FALSE,445,BLASTHIT,C2EQI6,Lactobacillus ultunensis DSM 16047,525365.HMPREF0548_1932,Bacteria,,525365,TrEMBL
1439664,,,Fusobacteriia,Maltose-6'-phosphate glucosidase,3.2.1.122 {ECO:0000313|EMBL:EEO35606.1},Fusobacteriaceae,FMAG_01168,Fusobacterium,0050081 maltose-6'-phosphate glucosidase activity|0016616 oxidoreductase activity  acting on the CH-OH group of donors  NAD or NADP as acceptor,Gastrointestinal tract,Anaerobe,IPR022616,IPR001088,IPR015955|IPR036291,IPR019802,fmo:C4N19_12965,,C3WCK0,GI:1370542527|GI:492562433|GI:229420559|EMBL-CDS:EEO35606.1|REFSEQ:WP_005886532.1,Fusobacteriales,Fusobacterium mortiferum ATCC 9817.,FALSE,,,PF02056|PF11975,Fusobacteria,FALSE,441,BLASTHIT,C3WCK0,Fusobacterium mortiferum ATCC 9817,469616.FMAG_01168,Bacteria,,469616,TrEMBL
1439739,,,Erysipelotrichia,Family 4 glycosyl hydrolase,,Erysipelotrichaceae,HOLDEFILI_04026,Holdemania,0004553 hydrolase activity  hydrolyzing O-glycosyl compounds|0016616 oxidoreductase activity  acting on the CH-OH group of donors  NAD or NADP as acceptor,Gastrointestinal tract,Anaerobe,IPR022616,IPR001088,IPR015955|IPR036291,,,,B9YDV2,GI:492953077|GI:223961316|EMBL-CDS:EEF65841.1|REFSEQ:WP_006061162.1,Erysipelotrichales,Holdemania filiformis DSM 12042.,FALSE,,,PF02056|PF11975,Firmicutes,FALSE,460,BLASTHIT,B9YDV2,Holdemania filiformis DSM 12042,545696.HOLDEFILI_04026,Bacteria,,545696,TrEMBL
1439744,,,Bacilli,6-phospho-alpha-glucosidase (Maltose-6-phosphate hydrolase),3.2.1.122 {ECO:0000313|EMBL:EGD27599.1},Lactobacillaceae,FC10_GL000889,Lactobacillus,0050081 maltose-6'-phosphate glucosidase activity|0016616 oxidoreductase activity  acting on the CH-OH group of donors  NAD or NADP as acceptor,Gastrointestinal tract,Microaerophilic,IPR022616,IPR001088,IPR015955|IPR036291,,,,F0HV04,GI:948635019|GI:325685505|GI:1151911878|GI:489711850|GI:1238363582|EMBL-CDS:EGD27599.1|EMBL-CDS:KRK66247.1|REFSEQ:WP_003615987.1,Lactobacillales,Lactobacillus delbrueckii subsp. lactis DSM 20072.,FALSE,fig|888027.3.peg.705,,PF02056|PF11975,Firmicutes,FALSE,444,BLASTHIT,F0HV04,Lactobacillus delbrueckii subsp. lactis DSM 20072,,Bacteria,,888027,TrEMBL
1439791,,GH4,Clostridia,Maltose-6'-phosphate glucosidase MalH,3.2.1.122 {ECO:0000313|EMBL:EDR96469.1},Lachnospiraceae,ANACAC_03092,Anaerostipes,0050081 maltose-6'-phosphate glucosidase activity|0016616 oxidoreductase activity  acting on the CH-OH group of donors  NAD or NADP as acceptor,Gastrointestinal tract,Anaerobe,IPR022616,IPR001088,IPR015955|IPR036291,IPR019802,,,B0MHY0,GI:167652340|EMBL-CDS:EDR96469.1,Clostridiales,Anaerostipes caccae DSM 14662.,FALSE,,,PF02056|PF11975,Firmicutes,FALSE,467,BLASTHIT,B0MHY0,Anaerostipes caccae DSM 14662,411490.ANACAC_03092,Bacteria,,411490,TrEMBL
1439997,,GH4,Erysipelotrichia,Phospho-alpha-glucosidase PagL,3.2.1.- {ECO:0000313|EMBL:EDP11586.1},Erysipelotrichaceae,EUBDOL_00764,Absiella,0004553 hydrolase activity  hydrolyzing O-glycosyl compounds|0016616 oxidoreductase activity  acting on the CH-OH group of donors  NAD or NADP as acceptor,Gastrointestinal tract,Anaerobe,IPR022616,IPR001088,IPR015955|IPR036291,,,,A8RAB6,GI:490936820|GI:158433297|EMBL-CDS:EDP11586.1|REFSEQ:WP_004798657.1,Erysipelotrichales,Absiella dolichum DSM 3991.,FALSE,,,PF02056|PF11975,Firmicutes,FALSE,468,BLASTHIT,A8RAB6,Absiella dolichum DSM 3991,428127.EUBDOL_00764,Bacteria,,428127,TrEMBL
1439998,,,Coriobacteriia,Maltose-6'-phosphate glucosidase MalH,3.2.1.122 {ECO:0000313|EMBL:EEA91447.1},Coriobacteriaceae,COLSTE_00362,Collinsella,0050081 maltose-6'-phosphate glucosidase activity|0016616 oxidoreductase activity  acting on the CH-OH group of donors  NAD or NADP as acceptor,Gastrointestinal tract,Anaerobe,IPR022616,IPR001088,IPR015955|IPR036291,IPR019802,,,B6G8F4,GI:210160476|EMBL-CDS:EEA91447.1,Coriobacteriales,Collinsella stercoris DSM 13279.,FALSE,,,PF02056|PF11975,Actinobacteria,FALSE,466,BLASTHIT,B6G8F4,Collinsella stercoris DSM 13279,445975.COLSTE_00362,Bacteria,,445975,TrEMBL
1440036,,,Erysipelotrichia,Family 4 glycosyl hydrolase,,Erysipelotrichaceae,CLORAM_00681,Erysipelatoclostridium,0004553 hydrolase activity  hydrolyzing O-glycosyl compounds|0016616 oxidoreductase activity  acting on the CH-OH group of donors  NAD or NADP as acceptor,Gastrointestinal tract,Anaerobe,IPR022616,IPR001088,IPR015955|IPR036291,IPR019802,,,B0N245,GI:489631103|GI:167705226|EMBL-CDS:EDS19805.1|REFSEQ:WP_003535543.1,Erysipelotrichales,Erysipelatoclostridium ramosum DSM 1402.,TRUE,,,PF02056|PF11975,Firmicutes,FALSE,441,BLASTHIT,B0N245,Erysipelatoclostridium ramosum DSM 1402,445974.CLORAM_00681,Bacteria,,445974,TrEMBL
1440100,,,Erysipelotrichia,Family 4 glycosyl hydrolase,,Erysipelotrichaceae,HOLDEFILI_02638,Holdemania,0004553 hydrolase activity  hydrolyzing O-glycosyl compounds|0016616 oxidoreductase activity  acting on the CH-OH group of donors  NAD or NADP as acceptor,Gastrointestinal tract,Anaerobe,IPR022616,IPR001088,IPR015955|IPR036291,,,,B9Y9Y1,GI:223962789|GI:492951718|EMBL-CDS:EEF67218.1|REFSEQ:WP_006059803.1,Erysipelotrichales,Holdemania filiformis DSM 12042.,FALSE,,,PF02056|PF11975,Firmicutes,FALSE,444,BLASTHIT,B9Y9Y1,Holdemania filiformis DSM 12042,545696.HOLDEFILI_02638,Bacteria,,545696,TrEMBL
1440102,,GH4,Bacilli,Family 4 glycosyl hydrolase,3.2.1.122 {ECO:0000313|EMBL:EEI69542.1},Lactobacillaceae,HMPREF0530_0156,Lactobacillus,0050081 maltose-6'-phosphate glucosidase activity|0016616 oxidoreductase activity  acting on the CH-OH group of donors  NAD or NADP as acceptor,Gastrointestinal tract,Microaerophilic,IPR022616,IPR001088,IPR015955|IPR036291,IPR019802,,,C2F998,GI:227189475|EMBL-CDS:EEI69542.1,Lactobacillales,Lactobacillus paracasei subsp. paracasei ATCC 25302.,FALSE,,,PF02056|PF11975,Firmicutes,FALSE,462,BLASTHIT,C2F998,Lactobacillus paracasei subsp. paracasei ATCC 2530,,Bacteria,,525337,TrEMBL
1440115,,GH4,Bacilli,6-phospho-alpha-glucosidase 1,3.2.1.122,Lactobacillaceae,simA,Lactobacillus,0050081 maltose-6'-phosphate glucosidase activity|0046872 metal ion binding|0016616 oxidoreductase activity  acting on the CH-OH group of donors  NAD or NADP as acceptor,Gastrointestinal tract,Facultative,IPR022616,IPR001088,IPR015955|IPR036291,IPR019802,lca:LSEI_0369,,Q03C44,GI:116493936|GI:499993368|GI:116104086|GI:122264618|EMBL-CDS:ABJ69228.1|REFSEQ:WP_011674086.1|REFSEQ:YP_805670.1,Lactobacillales,Lactobacillus paracasei  (strain ATCC 334 / BCRC 17002 / CIP 107868 /KCTC 3260 / NRRL B-441),TRUE,fig|321967.11.peg.390,,PF02056|PF11975,Firmicutes,FALSE,442,BLASTHIT,Q03C44,Lactobacillus paracasei ATCC 334,,Bacteria,6-phospho-alpha-glucosidase 1,321967,SwissProt
1440167,,,Clostridia,Family 4 glycosyl hydrolase,,Clostridiaceae,CLOSPO_00671,Clostridium,0004553 hydrolase activity  hydrolyzing O-glycosyl compounds|0016616 oxidoreductase activity  acting on the CH-OH group of donors  NAD or NADP as acceptor,Gastrointestinal tract,Anaerobe,IPR022616,IPR001088,IPR015955|IPR036291,IPR019802,,,J7SGI7,GI:187774054|EMBL-CDS:EDU37856.1,Clostridiales,Clostridium sporogenes  (strain ATCC 15579),TRUE,,,PF02056|PF11975,Firmicutes,FALSE,453,BLASTHIT,J7SGI7,Clostridium sporogenes ATCC 15579,,Bacteria,,471871,TrEMBL
1440174,,GH4,Bacilli,6-phospho-alpha-glucosidase 2,3.2.1.122,Lactobacillaceae,LSEI_2684,Lactobacillus,0050081 maltose-6'-phosphate glucosidase activity|0046872 metal ion binding|0016616 oxidoreductase activity  acting on the CH-OH group of donors  NAD or NADP as acceptor,Gastrointestinal tract,Facultative,IPR022616,IPR001088,IPR015955|IPR036291,IPR019802,lca:LSEI_2684,,Q034G9,GI:116496111|GI:116106261|GI:499994255|GI:122262489|EMBL-CDS:ABJ71403.1|REFSEQ:WP_011674973.1|REFSEQ:YP_807845.1,Lactobacillales,Lactobacillus paracasei  (strain ATCC 334 / BCRC 17002 / CIP 107868 /KCTC 3260 / NRRL B-441),TRUE,fig|321967.11.peg.2628,,PF02056|PF11975,Firmicutes,FALSE,461,BLASTHIT,Q034G9,Lactobacillus paracasei ATCC 334,,Bacteria,6-phospho-alpha-glucosidase 2,321967,SwissProt
1440247,,,Erysipelotrichia,Phospho-alpha-glucosidase PagL,3.2.1.- {ECO:0000313|EMBL:EDS18933.1},Erysipelotrichaceae,CLORAM_00929,Erysipelatoclostridium,0004553 hydrolase activity  hydrolyzing O-glycosyl compounds|0016616 oxidoreductase activity  acting on the CH-OH group of donors  NAD or NADP as acceptor,Gastrointestinal tract,Anaerobe,IPR022616,IPR001088,IPR015955|IPR036291,IPR019802,,,B0N3B1,GI:167704354|GI:489631556|EMBL-CDS:EDS18933.1|REFSEQ:WP_003535996.1,Erysipelotrichales,Erysipelatoclostridium ramosum DSM 1402.,TRUE,,,PF02056|PF11975,Firmicutes,FALSE,448,BLASTHIT,B0N3B1,Erysipelatoclostridium ramosum DSM 1402,445974.CLORAM_00929,Bacteria,,445974,TrEMBL
1440304,,,Bacilli,6-phospho-alpha-glucosidase,,Lactobacillaceae,DU507_14090,Lactobacillus,0004553 hydrolase activity  hydrolyzing O-glycosyl compounds|0016616 oxidoreductase activity  acting on the CH-OH group of donors  NAD or NADP as acceptor,Gastrointestinal tract,"Microaerophilic,Facultative",IPR022616,IPR001088,IPR015955|IPR036291,IPR019802,lrh:LGG_02701,,A0A345U4Y5,GI:257149623|GI:1440887870|GI:491952136|EMBL-CDS:AXI95521.1|REFSEQ:WP_005688256.1,Lactobacillales,Lactobacillus rhamnosus  (strain ATCC 53103 / GG),FALSE,,,PF02056|PF11975,Firmicutes,FALSE,461,BLASTHIT,A0A345U4Y5,Lactobacillus rhamnosus GG,,Bacteria,,568703,TrEMBL
1440404,,,Gammaproteobacteria,Glycoside hydrolase,3.2.1.122 {ECO:0000313|EMBL:KFC85495.1},Hafniaceae,EAE69_09570,Hafnia,0050081 maltose-6'-phosphate glucosidase activity|0016616 oxidoreductase activity  acting on the CH-OH group of donors  NAD or NADP as acceptor,Gastrointestinal tract,,IPR022616,IPR001088,IPR015955|IPR036291,,,,A0A085GP50,GI:668968602|GI:759787649|EMBL-CDS:KFC85495.1|EMBL-CDS:RLR10264.1|REFSEQ:WP_043495109.1,Enterobacterales,Hafnia alvei ATCC 13337.,FALSE,,,PF02056|PF11975,Proteobacteria,FALSE,459,BLASTHIT,A0A085GP50,Hafnia alvei ATCC 13337,,Bacteria,,910996,TrEMBL
1440438,,,Gammaproteobacteria,Family 4 glycosyl hydrolase,,Enterobacteriaceae,HMPREF0880_01422,Yokenella,0004553 hydrolase activity  hydrolyzing O-glycosyl compounds|0016616 oxidoreductase activity  acting on the CH-OH group of donors  NAD or NADP as acceptor,Gastrointestinal tract,,IPR022616,IPR001088,IPR015955|IPR036291,,,,G9Z1R8,GI:364572354|EMBL-CDS:EHM49905.1,Enterobacterales,Yokenella regensburgei ATCC 43003.,FALSE,fig|1002368.3.peg.1311,,PF02056|PF11975,Proteobacteria,FALSE,463,BLASTHIT,G9Z1R8,Yokenella regensburgei ATCC 43003,,Bacteria,,1002368,TrEMBL
1440487,,GH4,Clostridia,Family 4 glycosyl hydrolase,,Ruminococcaceae,BACCAP_00485,Pseudoflavonifractor,0004553 hydrolase activity  hydrolyzing O-glycosyl compounds|0016616 oxidoreductase activity  acting on the CH-OH group of donors  NAD or NADP as acceptor,Gastrointestinal tract,Anaerobe,IPR022616,IPR001088,IPR015955|IPR036291,,,,A6NQL4,GI:150274755|EMBL-CDS:EDN01819.1,Clostridiales,Pseudoflavonifractor capillosus ATCC 29799.,FALSE,,,PF02056|PF11975,Firmicutes,FALSE,456,BLASTHIT,A6NQL4,Pseudoflavonifractor capillosus ATCC 29799,411467.BACCAP_00485,Bacteria,,411467,TrEMBL
1440488,,,Clostridia,Family 4 glycosyl hydrolase,,Lachnospiraceae,CLOSTASPAR_05215,Lachnoclostridium,0004553 hydrolase activity  hydrolyzing O-glycosyl compounds|0016616 oxidoreductase activity  acting on the CH-OH group of donors  NAD or NADP as acceptor,Gastrointestinal tract,Obligate anaerobe,IPR022616,IPR001088,IPR015955|IPR036291,,,,C0D7G8,GI:494990516|GI:225042497|EMBL-CDS:EEG52743.1|REFSEQ:WP_007716536.1,Clostridiales,[Clostridium] asparagiforme DSM 15981.,TRUE,,,PF02056|PF11975,Firmicutes,FALSE,440,BLASTHIT,C0D7G8,[Clostridium] asparagiforme DSM 15981,,Bacteria,,518636,TrEMBL
1440489,,,Fusobacteriia,Maltose-6'-phosphate glucosidase,3.2.1.122 {ECO:0000313|EMBL:EES63773.1},Fusobacteriaceae,FVAG_02381,Fusobacterium,0050081 maltose-6'-phosphate glucosidase activity|0016616 oxidoreductase activity  acting on the CH-OH group of donors  NAD or NADP as acceptor,Gastrointestinal tract,Anaerobe,IPR022616,IPR001088,IPR015955|IPR036291,,,,C6JML1,GI:1370543994|GI:251835230|GI:492751809|EMBL-CDS:EES63773.1|REFSEQ:WP_005949960.1,Fusobacteriales,Fusobacterium varium ATCC 27725.,FALSE,,,PF02056|PF11975,Fusobacteria,FALSE,442,BLASTHIT,C6JML1,Fusobacterium varium ATCC 27725,469618.FVAG_02381,Bacteria,,469618,TrEMBL
1440605,,,Gammaproteobacteria,Family 4 glycosyl hydrolase,,Hafniaceae,HMPREF0454_04858,Hafnia,0004553 hydrolase activity  hydrolyzing O-glycosyl compounds|0016616 oxidoreductase activity  acting on the CH-OH group of donors  NAD or NADP as acceptor,Gastrointestinal tract,Aerobe,IPR022616,IPR001088,IPR015955|IPR036291,,,,G9YE10,GI:364559414|GI:490198685|EMBL-CDS:EHM37397.1|REFSEQ:WP_004097200.1,Enterobacterales,Hafnia alvei ATCC 51873.,FALSE,fig|1002364.3.peg.4365,,PF02056|PF11975,Proteobacteria,FALSE,459,BLASTHIT,G9YE10,Hafnia alvei ATCC 51873,,Bacteria,,1002364,TrEMBL
1440847,,,Bacilli,Putative maltose-6'-phosphate glucosidase,,Listeriaceae,HMPREF0557_00842,Listeria,0004553 hydrolase activity  hydrolyzing O-glycosyl compounds|0016616 oxidoreductase activity  acting on the CH-OH group of donors  NAD or NADP as acceptor,Gastrointestinal tract,Facultative,IPR022616,IPR001088,IPR015955|IPR036291,,,,H1GA16,GI:370794512|GI:489866480|EMBL-CDS:EHN62287.1|REFSEQ:WP_003770065.1,Bacillales,Listeria innocua ATCC 33091.,FALSE,fig|1002366.3.peg.802,,PF02056|PF11975,Firmicutes,FALSE,435,BLASTHIT,H1GA16,Listeria innocua ATCC 33091,,Bacteria,,1002366,TrEMBL
1441138,,,Clostridia,Family 4 glycosyl hydrolase,,Lachnospiraceae,BRYFOR_05765,Marvinbryantia,0004553 hydrolase activity  hydrolyzing O-glycosyl compounds|0016616 oxidoreductase activity  acting on the CH-OH group of donors  NAD or NADP as acceptor,Gastrointestinal tract,Anaerobe,IPR022616,IPR001088,IPR015955|IPR036291,,,,C6LAX1,GI:493915295|GI:255268897|EMBL-CDS:EET62102.1|REFSEQ:WP_006860563.1,Clostridiales,Marvinbryantia formatexigens DSM 14469.,FALSE,,,PF02056|PF11975,Firmicutes,FALSE,487,BLASTHIT,C6LAX1,Marvinbryantia formatexigens DSM 14469,478749.BRYFOR_05765,Bacteria,,478749,TrEMBL
1435063,,,Gammaproteobacteria,6-phospho-beta-glucosidase,3.2.1.86 {ECO:0000313|EMBL:CBY29282.1},Yersiniaceae,Y11_32481,Yersinia,0008706 6-phospho-beta-glucosidase activity|0103047 methyl beta-D-glucoside 6-phosphate glucohydrolase activity|0016616 oxidoreductase activity  acting on the CH-OH group of donors  NAD or NADP as acceptor,Not Specified|Gastrointestinal tract,Aerobe,IPR022616,IPR001088,IPR015955|IPR036291,IPR019802,yey:Y11_32481,,A0A0H3NZD7,GI:503415890|GI:318607784|EMBL-CDS:CBY29282.1|REFSEQ:WP_013650551.1,Enterobacterales,Yersinia enterocolitica subsp. palearctica serotype O:3  (strain DSM13030 / CIP 106945 / Y11),FALSE,fig|930944.6.peg.3234,,PF02056|PF11975,Proteobacteria,FALSE,437,BLASTHIT,A0A0H3NZD7,Yersinia enterocolitica subsp. palearctica Y11,,Bacteria,,930944,TrEMBL
1439951,,,Gammaproteobacteria,Maltose-6'-phosphate glucosidase,3.2.1.122 {ECO:0000313|EMBL:CBY26058.1},Yersiniaceae,Y11_21231,Yersinia,0050081 maltose-6'-phosphate glucosidase activity|0016616 oxidoreductase activity  acting on the CH-OH group of donors  NAD or NADP as acceptor,Not Specified|Gastrointestinal tract,Aerobe,IPR022616,IPR001088,IPR015955|IPR036291,,yey:Y11_21231,,A0A0H3NLM2,GI:318604560|GI:491302530|EMBL-CDS:CBY26058.1|REFSEQ:WP_005160533.1,Enterobacterales,Yersinia enterocolitica subsp. palearctica serotype O:3  (strain DSM13030 / CIP 106945 / Y11),FALSE,fig|930944.6.peg.2108,,PF02056|PF11975,Proteobacteria,FALSE,440,BLASTHIT,A0A0H3NLM2,Yersinia enterocolitica subsp. palearctica Y11,,Bacteria,,930944,TrEMBL
1433422,,,Gammaproteobacteria,6-phospho-beta-glucosidase,,Enterobacteriaceae,ECL_02435,Enterobacter,0004553 hydrolase activity  hydrolyzing O-glycosyl compounds|0016616 oxidoreductase activity  acting on the CH-OH group of donors  NAD or NADP as acceptor,Not Specified|Spinal Cord,"Aerobe,Anaerobe",IPR022616,IPR001088,IPR015955|IPR036291,IPR019802,enc:ECL_02435,,A0A0H3CN31,GI:295057240|GI:296102781|GI:502862043|EMBL-CDS:ADF61978.1|REFSEQ:WP_013097019.1|REFSEQ:YP_003612927.1,Enterobacterales,Enterobacter cloacae subsp. cloacae  (strain ATCC 13047 / DSM 30054 /NBRC 13535 / NCDC 279-56),FALSE,fig|716541.4.peg.2614,,PF02056|PF11975,Proteobacteria,FALSE,451,BLASTHIT,A0A0H3CN31,Enterobacter cloacae subsp. cloacae ATCC 13047,716541.ECL_02435,Bacteria,,716541,TrEMBL
1436892,,,Gammaproteobacteria,6-phospho-alpha-glucosidase,,Enterobacteriaceae,ECL_03868,Enterobacter,0004553 hydrolase activity  hydrolyzing O-glycosyl compounds|0016616 oxidoreductase activity  acting on the CH-OH group of donors  NAD or NADP as acceptor,Not Specified|Spinal Cord,"Aerobe,Anaerobe",IPR022616,IPR001088,IPR015955|IPR036291,,enc:ECL_03868,,A0A0H3CS78,GI:502863311|GI:296104205|GI:295058664|EMBL-CDS:ADF63402.1|REFSEQ:WP_013098287.1|REFSEQ:YP_003614351.1,Enterobacterales,Enterobacter cloacae subsp. cloacae  (strain ATCC 13047 / DSM 30054 /NBRC 13535 / NCDC 279-56),FALSE,fig|716541.4.peg.4025,,PF02056|PF11975,Proteobacteria,FALSE,455,BLASTHIT,A0A0H3CS78,Enterobacter cloacae subsp. cloacae ATCC 13047,716541.ECL_03868,Bacteria,,716541,TrEMBL
1437699,,,Gammaproteobacteria,Maltose-6'-phosphate glucosidase,,Enterobacteriaceae,ECL_00020,Enterobacter,0004553 hydrolase activity  hydrolyzing O-glycosyl compounds|0016616 oxidoreductase activity  acting on the CH-OH group of donors  NAD or NADP as acceptor,Not Specified|Spinal Cord,"Aerobe,Anaerobe",IPR022616,IPR001088,IPR015955|IPR036291,IPR019802,enc:ECL_00020,,A0A0H3CCR5,GI:296100391|GI:295054850|GI:502859818|EMBL-CDS:ADF59588.1|REFSEQ:WP_013094794.1|REFSEQ:YP_003610537.1,Enterobacterales,Enterobacter cloacae subsp. cloacae  (strain ATCC 13047 / DSM 30054 /NBRC 13535 / NCDC 279-56),FALSE,fig|716541.4.peg.319,,PF02056|PF11975,Proteobacteria,FALSE,440,BLASTHIT,A0A0H3CCR5,Enterobacter cloacae subsp. cloacae ATCC 13047,716541.ECL_00020,Bacteria,,716541,TrEMBL
1432572,,,Bacilli,Family 4 glycosyl hydrolase,,Enterococcaceae,HMPREF9087_0065,Enterococcus,0004553 hydrolase activity  hydrolyzing O-glycosyl compounds|0016616 oxidoreductase activity  acting on the CH-OH group of donors  NAD or NADP as acceptor,Oral,Aerobe,IPR022616,IPR001088,IPR015955|IPR036291,IPR019802,,,F0EF47,GI:325159170|GI:491374183|EMBL-CDS:EGC71315.1|REFSEQ:WP_005232076.1,Lactobacillales,Enterococcus casseliflavus ATCC 12755.,FALSE,,,PF02056|PF11975,Firmicutes,FALSE,441,BLASTHIT,F0EF47,Enterococcus casseliflavus ATCC 12755,,Bacteria,,888066,TrEMBL
1433110,,,Gammaproteobacteria,6-phospho-beta-glucosidase,3.2.1.86 {ECO:0000313|EMBL:EGK63337.1},Enterobacteriaceae,HMPREF9086_0599,Enterobacter,0008706 6-phospho-beta-glucosidase activity|0103047 methyl beta-D-glucoside 6-phosphate glucohydrolase activity|0016616 oxidoreductase activity  acting on the CH-OH group of donors  NAD or NADP as acceptor,Oral,,IPR022616,IPR001088,IPR015955|IPR036291,IPR019802,,,F5RSI4,GI:1101772042|GI:493862336|GI:333392232|EMBL-CDS:EGK63337.1|REFSEQ:WP_006809091.1,Enterobacterales,Enterobacter hormaechei ATCC 49162.,FALSE,,,PF02056|PF11975,Proteobacteria,FALSE,451,BLASTHIT,F5RSI4,Enterobacter hormaechei ATCC 49162,,Bacteria,,888063,TrEMBL
1434689,,,Bacilli,Family 4 glycosyl hydrolase,,Enterococcaceae,HMPREF9087_2112,Enterococcus,0004553 hydrolase activity  hydrolyzing O-glycosyl compounds|0016616 oxidoreductase activity  acting on the CH-OH group of donors  NAD or NADP as acceptor,Oral,Aerobe,IPR022616,IPR001088,IPR015955|IPR036291,IPR019802,,,F0EL20,GI:491377565|GI:325156952|EMBL-CDS:EGC69120.1|REFSEQ:WP_005235456.1,Lactobacillales,Enterococcus casseliflavus ATCC 12755.,FALSE,,,PF02056|PF11975,Firmicutes,FALSE,463,BLASTHIT,F0EL20,Enterococcus casseliflavus ATCC 12755,,Bacteria,,888066,TrEMBL
1434725,,,Erysipelotrichia,Uncharacterized protein,,Erysipelotrichaceae,HMPREF9943_00107,Eggerthia,0004553 hydrolase activity  hydrolyzing O-glycosyl compounds|0016616 oxidoreductase activity  acting on the CH-OH group of donors  NAD or NADP as acceptor,Oral,Facultative,IPR022616,IPR001088,IPR015955|IPR036291,IPR019802,,,M2Q468,GI:490939285|GI:449338530|EMBL-CDS:EMD17675.1|REFSEQ:WP_004801118.1,Erysipelotrichales,Eggerthia catenaformis OT 569 = DSM 20559.,FALSE,fig|999415.3.peg.108,,PF02056|PF11975,Firmicutes,FALSE,465,BLASTHIT,M2Q468,Eggerthia catenaformis OT 569 = DSM 20559,,Bacteria,,999415,TrEMBL
1436919,,,Gammaproteobacteria,Maltose-6'-phosphate glucosidase,3.2.1.122 {ECO:0000313|EMBL:EGK58883.1},Enterobacteriaceae,HMPREF9086_3377,Enterobacter,0050081 maltose-6'-phosphate glucosidase activity|0016616 oxidoreductase activity  acting on the CH-OH group of donors  NAD or NADP as acceptor,Oral,,IPR022616,IPR001088,IPR015955|IPR036291,,,,F5S063,GI:333387689|GI:1101774139|GI:493864827|EMBL-CDS:EGK58883.1|REFSEQ:WP_006811536.1,Enterobacterales,Enterobacter hormaechei ATCC 49162.,FALSE,,,PF02056|PF11975,Proteobacteria,FALSE,455,BLASTHIT,F5S063,Enterobacter hormaechei ATCC 49162,,Bacteria,,888063,TrEMBL
1437614,,,Gammaproteobacteria,Maltose-6'-phosphate glucosidase,3.2.1.122 {ECO:0000313|EMBL:EGK63656.1},Enterobacteriaceae,HMPREF9086_0273,Enterobacter,0050081 maltose-6'-phosphate glucosidase activity|0016616 oxidoreductase activity  acting on the CH-OH group of donors  NAD or NADP as acceptor,Oral,,IPR022616,IPR001088,IPR015955|IPR036291,IPR019802,,,F5RRL9,GI:333392554|GI:493862031|GI:1101773819|EMBL-CDS:EGK63656.1|REFSEQ:WP_006808790.1,Enterobacterales,Enterobacter hormaechei ATCC 49162.,FALSE,,,PF02056|PF11975,Proteobacteria,FALSE,440,BLASTHIT,F5RRL9,Enterobacter hormaechei ATCC 49162,,Bacteria,,888063,TrEMBL
1438502,,GH4,Fusobacteriia,6-phospho-alpha-glucosidase,3.2.1.-,Leptotrichiaceae,pagL,Leptotrichia,0004553 hydrolase activity  hydrolyzing O-glycosyl compounds|0046872 metal ion binding|0016616 oxidoreductase activity  acting on the CH-OH group of donors  NAD or NADP as acceptor,Oral,Anaerobe,IPR022616,IPR001088,IPR015955|IPR036291,IPR019802,lba:Lebu_1525,,C7NB67,GI:506249964|GI:257050214|GI:380877062|EMBL-CDS:ACV39398.1|REFSEQ:WP_015769739.1,Fusobacteriales,Leptotrichia buccalis  (strain ATCC 14201 / DSM 1135 / JCM 12969 / NCTC10249 / C-1013-b),TRUE,,,PF02056|PF11975,Fusobacteria,FALSE,440,BLASTHIT,C7NB67,Leptotrichia buccalis C-1013-b,523794.Lebu_1525,Bacteria,6-phospho-alpha-glucosidase,523794,SwissProt
1438853,,,Bacilli,Family 4 glycosyl hydrolase,,Enterococcaceae,HMPREF9087_2698,Enterococcus,0004553 hydrolase activity  hydrolyzing O-glycosyl compounds|0016616 oxidoreductase activity  acting on the CH-OH group of donors  NAD or NADP as acceptor,Oral,Aerobe,IPR022616,IPR001088,IPR015955|IPR036291,IPR019802,,,F0EMH9,GI:325156529|EMBL-CDS:EGC68709.1,Lactobacillales,Enterococcus casseliflavus ATCC 12755.,FALSE,,,PF02056|PF11975,Firmicutes,FALSE,444,BLASTHIT,F0EMH9,Enterococcus casseliflavus ATCC 12755,,Bacteria,,888066,TrEMBL
1439245,,,Bacilli,Maltose-6'-phosphate glucosidase MalH,3.2.1.122 {ECO:0000313|EMBL:EGC70271.1},Enterococcaceae,HMPREF9087_1005,Enterococcus,0050081 maltose-6'-phosphate glucosidase activity|0016616 oxidoreductase activity  acting on the CH-OH group of donors  NAD or NADP as acceptor,Oral,Aerobe,IPR022616,IPR001088,IPR015955|IPR036291,IPR019802,,,F0EHW3,GI:325158118|GI:491375658|EMBL-CDS:EGC70271.1|REFSEQ:WP_005233550.1,Lactobacillales,Enterococcus casseliflavus ATCC 12755.,FALSE,,,PF02056|PF11975,Firmicutes,FALSE,443,BLASTHIT,F0EHW3,Enterococcus casseliflavus ATCC 12755,,Bacteria,,888066,TrEMBL
1439354,,,Clostridia,Family 4 glycosyl hydrolase,,Lachnospiraceae,GCWU0000282_000217,Catonella,0004553 hydrolase activity  hydrolyzing O-glycosyl compounds|0016616 oxidoreductase activity  acting on the CH-OH group of donors  NAD or NADP as acceptor,Oral,Anaerobe,IPR022616,IPR001088,IPR015955|IPR036291,,,,V2Y6C3,GI:556508219|GI:554921521|EMBL-CDS:ESL04503.1|REFSEQ:WP_023353121.1,Clostridiales,Catonella morbi ATCC 51271.,FALSE,,,PF02056|PF11975,Firmicutes,FALSE,454,BLASTHIT,V2Y6C3,Catonella morbi ATCC 51271,,Bacteria,,592026,TrEMBL
1440604,,,Bacilli,Family 4 glycosyl hydrolase,,Enterococcaceae,HMPREF9087_1904,Enterococcus,0004553 hydrolase activity  hydrolyzing O-glycosyl compounds|0016616 oxidoreductase activity  acting on the CH-OH group of donors  NAD or NADP as acceptor,Oral,Aerobe,IPR022616,IPR001088,IPR015955|IPR036291,IPR019802,,,F0EKJ8,GI:325157124|GI:491377168|EMBL-CDS:EGC69289.1|REFSEQ:WP_005235059.1,Lactobacillales,Enterococcus casseliflavus ATCC 12755.,FALSE,,,PF02056|PF11975,Firmicutes,FALSE,436,BLASTHIT,F0EKJ8,Enterococcus casseliflavus ATCC 12755,,Bacteria,,888066,TrEMBL
1440906,,,Actinobacteria,Family 4 glycosyl hydrolase,,Actinomycetaceae,ACTODO_00391,Schaalia,0004553 hydrolase activity  hydrolyzing O-glycosyl compounds|0016616 oxidoreductase activity  acting on the CH-OH group of donors  NAD or NADP as acceptor,Oral,Facultative,IPR022616,IPR001088,IPR015955|IPR036291,IPR019802,,,A7B9T6,GI:489887264|GI:153797540|EMBL-CDS:EDN79960.1|REFSEQ:WP_003790714.1,Actinomycetales,Actinomyces odontolyticus ATCC 17982.,FALSE,,,PF02056|PF11975,Actinobacteria,FALSE,460,BLASTHIT,A7B9T6,Schaalia odontolytica ATCC 17982,411466.ACTODO_00391,Bacteria,,411466,TrEMBL
1441431,,,Actinobacteria,6-phospho-beta-glucosidase,3.2.1.86 {ECO:0000313|EMBL:EGY77563.1},Propionibacteriaceae,HMPREF9153_1106,Cutibacterium,0008706 6-phospho-beta-glucosidase activity|0103047 methyl beta-D-glucoside 6-phosphate glucohydrolase activity|0016616 oxidoreductase activity  acting on the CH-OH group of donors  NAD or NADP as acceptor,Oral,Anaerobe,IPR022616,IPR001088,IPR015955|IPR036291,,,,G4CX49,GI:348660867|GI:490948347|EMBL-CDS:EGY77563.1|REFSEQ:WP_004810173.1,Propionibacteriales,Cutibacterium avidum ATCC 25577.,FALSE,fig|997355.3.peg.1086,,PF02056|PF11975,Actinobacteria,FALSE,462,BLASTHIT,G4CX49,Cutibacterium avidum ATCC 25577,,Bacteria,,997355,TrEMBL
1434631,,,Erysipelotrichia,Family 4 glycosyl hydrolase,3.2.1.86 {ECO:0000313|EMBL:EFY08175.1},Erysipelotrichaceae,HMPREF0357_11328,Erysipelothrix,0008706 6-phospho-beta-glucosidase activity|0103047 methyl beta-D-glucoside 6-phosphate glucohydrolase activity|0016616 oxidoreductase activity  acting on the CH-OH group of donors  NAD or NADP as acceptor,Skin,Aerobe,IPR022616,IPR001088,IPR015955|IPR036291,IPR019802,,,E7FXF1,GI:322462980|EMBL-CDS:EFY08175.1,Erysipelotrichales,Erysipelothrix rhusiopathiae ATCC 19414.,FALSE,,,PF02056|PF11975,Firmicutes,FALSE,479,BLASTHIT,E7FXF1,Erysipelothrix rhusiopathiae ATCC 19414,,Bacteria,,525280,TrEMBL
1434022,,,Gammaproteobacteria,6-phospho-beta-glucosidase,,Enterobacteriaceae,EAS44_03065,Escherichia,,Urogenital tract,Facultative,IPR022616,IPR001088,IPR015955|IPR036291,IPR019802,,,A0A3G2UDQ3,GI:668708059|GI:446000895|GI:1498420828|EMBL-CDS:AYO71191.1,Enterobacterales,Escherichia coli DSM 30083 = JCM 1649 = ATCC 11775.,FALSE,,,PF02056|PF11975,Proteobacteria,FALSE,450,BLASTHIT,A0A3G2UDQ3,Escherichia coli DSM 30083 = JCM 1649 = ATCC 11775,,Bacteria,,866789,TrEMBL
1434687,,,Bacilli,Family 4 glycosyl hydrolase,3.2.1.86 {ECO:0000313|EMBL:EFG49765.1},Aerococcaceae,HMPREF0061_0888,Aerococcus,0008706 6-phospho-beta-glucosidase activity|0103047 methyl beta-D-glucoside 6-phosphate glucohydrolase activity|0016616 oxidoreductase activity  acting on the CH-OH group of donors  NAD or NADP as acceptor,Urogenital tract,Microaerophilic,IPR022616,IPR001088,IPR015955|IPR036291,IPR019802,,,D4YG99,GI:294974008|GI:489234074|EMBL-CDS:EFG49765.1|REFSEQ:WP_003142375.1,Lactobacillales,Aerococcus viridans ATCC 11563 = CCUG 4311.,FALSE,,,PF02056|PF11975,Firmicutes,FALSE,464,BLASTHIT,D4YG99,Aerococcus viridans ATCC 11563 = CCUG 4311,655812.HMPREF0061_0888,Bacteria,,655812,TrEMBL
1438661,,,Tissierellia,Family 4 glycosyl hydrolase,3.2.1.122 {ECO:0000313|EMBL:EEI86347.1},Peptoniphilaceae,HMPREF0072_1063,Anaerococcus,0050081 maltose-6'-phosphate glucosidase activity|0016616 oxidoreductase activity  acting on the CH-OH group of donors  NAD or NADP as acceptor,Urogenital tract,Anaerobe,IPR022616,IPR001088,IPR015955|IPR036291,,,,C2BFE3,GI:227236332|GI:490965320|EMBL-CDS:EEI86347.1|REFSEQ:WP_004827126.1,Tissierellales,Anaerococcus lactolyticus ATCC 51172.,FALSE,,,PF02056|PF11975,Firmicutes,FALSE,440,BLASTHIT,C2BFE3,Anaerococcus lactolyticus ATCC 51172,525254.HMPREF0072_1063,Bacteria,,525254,TrEMBL
1438840,,,Tissierellia,Maltose-6'-phosphate glucosidase,3.2.1.122 {ECO:0000313|EMBL:EEI82874.1},Peptoniphilaceae,HMPREF0077_1059,Anaerococcus,0050081 maltose-6'-phosphate glucosidase activity|0016616 oxidoreductase activity  acting on the CH-OH group of donors  NAD or NADP as acceptor,Urogenital tract,Anaerobe,IPR022616,IPR001088,IPR015955|IPR036291,IPR019802,,,C2CHU9,GI:227217559|GI:490975392|EMBL-CDS:EEI82874.1|REFSEQ:WP_004837176.1,Tissierellales,Anaerococcus tetradius ATCC 35098.,FALSE,,,PF02056|PF11975,Firmicutes,FALSE,442,BLASTHIT,C2CHU9,Anaerococcus tetradius ATCC 35098,525255.HMPREF0077_1059,Bacteria,,525255,TrEMBL
1439100,,,Bacilli,Family 4 glycosyl hydrolase,3.2.1.122 {ECO:0000313|EMBL:EEW51890.1},Lactobacillaceae,HMPREF0520_0778,Lactobacillus,0050081 maltose-6'-phosphate glucosidase activity|0016616 oxidoreductase activity  acting on the CH-OH group of donors  NAD or NADP as acceptor,Urogenital tract,Facultative,IPR022616,IPR001088,IPR015955|IPR036291,,,,C8PCF8,GI:948734768|GI:493781386|GI:259167395|EMBL-CDS:EEW51890.1|REFSEQ:WP_006729786.1,Lactobacillales,Lactobacillus iners DSM 13335.,FALSE,fig|525328.13.peg.895,,PF02056|PF11975,Firmicutes,FALSE,447,BLASTHIT,C8PCF8,Lactobacillus iners DSM 13335,,Bacteria,,525328,TrEMBL
1439549,,,Bacilli,Maltose-6'-phosphate glucosidase MalH,3.2.1.122 {ECO:0000313|EMBL:EFG49156.1},Aerococcaceae,HMPREF0061_1522,Aerococcus,0050081 maltose-6'-phosphate glucosidase activity|0016616 oxidoreductase activity  acting on the CH-OH group of donors  NAD or NADP as acceptor,Urogenital tract,Microaerophilic,IPR022616,IPR001088,IPR015955|IPR036291,IPR019802,,,D4YI33,GI:294973369|GI:489234928|EMBL-CDS:EFG49156.1|REFSEQ:WP_003143221.1,Lactobacillales,Aerococcus viridans ATCC 11563 = CCUG 4311.,FALSE,,,PF02056|PF11975,Firmicutes,FALSE,447,BLASTHIT,D4YI33,Aerococcus viridans ATCC 11563 = CCUG 4311,655812.HMPREF0061_1522,Bacteria,,655812,TrEMBL
1440995,,,Actinobacteria,Family 4 glycosyl hydrolase,,Actinomycetaceae,HMPREF0058_2263,Actinomyces,0004553 hydrolase activity  hydrolyzing O-glycosyl compounds|0016616 oxidoreductase activity  acting on the CH-OH group of donors  NAD or NADP as acceptor,Urogenital tract,Microaerophilic,IPR022616,IPR001088,IPR015955|IPR036291,,,,C0W8R9,GI:493596428|GI:226832491|EMBL-CDS:EEH64874.1|REFSEQ:WP_006549170.1,Actinomycetales,Actinomyces urogenitalis DSM 15434.,FALSE,,,PF02056|PF11975,Actinobacteria,FALSE,470,BLASTHIT,C0W8R9,Actinomyces urogenitalis DSM 15434,525246.HMPREF0058_2263,Bacteria,,525246,TrEMBL
1434908,,,Tissierellia,Uncharacterized protein,,Peptoniphilaceae,HMPREF9709_01141,Helcococcus,0004553 hydrolase activity  hydrolyzing O-glycosyl compounds|0016616 oxidoreductase activity  acting on the CH-OH group of donors  NAD or NADP as acceptor,Wound,,IPR022616,IPR001088,IPR015955|IPR036291,,,,H3NP80,GI:491541037|GI:374562210|EMBL-CDS:EHR33542.1|REFSEQ:WP_005398656.1,Tissierellales,Helcococcus kunzii ATCC 51366.,FALSE,fig|883114.3.peg.1131,,PF02056|PF11975,Firmicutes,FALSE,462,BLASTHIT,H3NP80,Helcococcus kunzii ATCC 51366,,Bacteria,,883114,TrEMBL
1439247,,,Tissierellia,Maltose-6'-phosphate glucosidase malH,,Peptoniphilaceae,HMPREF9709_00042,Helcococcus,0004553 hydrolase activity  hydrolyzing O-glycosyl compounds|0016616 oxidoreductase activity  acting on the CH-OH group of donors  NAD or NADP as acceptor,Wound,,IPR022616,IPR001088,IPR015955|IPR036291,IPR019802,,,H3NL31,GI:374565009|GI:491539195|EMBL-CDS:EHR36287.1|REFSEQ:WP_005396814.1,Tissierellales,Helcococcus kunzii ATCC 51366.,FALSE,fig|883114.3.peg.42,,PF02056|PF11975,Firmicutes,FALSE,444,BLASTHIT,H3NL31,Helcococcus kunzii ATCC 51366,,Bacteria,,883114,TrEMBL
1439794,,,Tissierellia,Uncharacterized protein,,Peptoniphilaceae,HMPREF9709_00642,Helcococcus,0004553 hydrolase activity  hydrolyzing O-glycosyl compounds|0016616 oxidoreductase activity  acting on the CH-OH group of donors  NAD or NADP as acceptor,Wound,,IPR022616,IPR001088,IPR015955|IPR036291,IPR019802,,,H3NMT1,GI:374563353|GI:491540295|EMBL-CDS:EHR34672.1|REFSEQ:WP_005397914.1,Tissierellales,Helcococcus kunzii ATCC 51366.,FALSE,fig|883114.3.peg.635,,PF02056|PF11975,Firmicutes,FALSE,438,BLASTHIT,H3NMT1,Helcococcus kunzii ATCC 51366,,Bacteria,,883114,TrEMBL
